pg_attribute	attrelid	oid
pg_attribute	attname	name
pg_attribute	atttypid	oid
pg_attribute	attstattarget	int4
pg_attribute	attlen	int2
pg_attribute	attnum	int2
pg_attribute	attndims	int4
pg_attribute	attcacheoff	int4
pg_attribute	atttypmod	int4
pg_attribute	attbyval	bool
pg_attribute	attalign	"char"
pg_attribute	attstorage	"char"
pg_attribute	attcompression	"char"
pg_attribute	attnotnull	bool
pg_attribute	atthasdef	bool
pg_attribute	atthasmissing	bool
pg_attribute	attidentity	"char"
pg_attribute	attgenerated	"char"
pg_attribute	attisdropped	bool
pg_attribute	attislocal	bool
pg_attribute	attinhcount	int4
pg_attribute	attcollation	oid
pg_attribute	attacl	aclitem[]
pg_attribute	attoptions	text[]
pg_attribute	attfdwoptions	text[]
pg_attribute	attmissingval	text
pg_authid	oid	oid
pg_authid	rolname	name
pg_authid	rolsuper	bool
pg_authid	rolinherit	bool
pg_authid	rolcreaterole	bool
pg_authid	rolcreatedb	bool
pg_authid	rolcanlogin	bool
pg_authid	rolreplication	bool
pg_authid	rolbypassrls	bool
pg_authid	rolconnlimit	int4
pg_authid	rolpassword	text
pg_authid	rolvaliduntil	timestamptz
pg_class	oid	oid
pg_class	relname	name
pg_class	relnamespace	oid
pg_class	reltype	oid
pg_class	reloftype	oid
pg_class	relowner	oid
pg_class	relam	oid
pg_class	relfilenode	oid
pg_class	reltablespace	oid
pg_class	relpages	int4
pg_class	reltuples	float4
pg_class	relallvisible	int4
pg_class	reltoastrelid	oid
pg_class	relhasindex	bool
pg_class	relisshared	bool
pg_class	relpersistence	"char"
pg_class	relkind	"char"
pg_class	relnatts	int2
pg_class	relchecks	int2
pg_class	relhasrules	bool
pg_class	relhastriggers	bool
pg_class	relhassubclass	bool
pg_class	relrowsecurity	bool
pg_class	relforcerowsecurity	bool
pg_class	relispopulated	bool
pg_class	relreplident	"char"
pg_class	relispartition	bool
pg_class	relrewrite	oid
pg_class	relfrozenxid	xid
pg_class	relminmxid	xid
pg_class	relacl	aclitem[]
pg_class	reloptions	text[]
pg_class	relpartbound	text
pg_collation	oid	oid
pg_collation	collname	name
pg_collation	collnamespace	oid
pg_collation	collowner	oid
pg_collation	collprovider	"char"
pg_collation	collisdeterministic	bool
pg_collation	collencoding	int4
pg_collation	collcollate	text
pg_collation	collctype	text
pg_collation	colliculocale	text
pg_collation	collversion	text
pg_constraint	oid	oid
pg_constraint	conname	name
pg_constraint	connamespace	oid
pg_constraint	contype	"char"
pg_constraint	condeferrable	bool
pg_constraint	condeferred	bool
pg_constraint	convalidated	bool
pg_constraint	conrelid	oid
pg_constraint	contypid	oid
pg_constraint	conindid	oid
pg_constraint	conparentid	oid
pg_constraint	confrelid	oid
pg_constraint	confupdtype	"char"
pg_constraint	confdeltype	"char"
pg_constraint	confmatchtype	"char"
pg_constraint	conislocal	bool
pg_constraint	coninhcount	int4
pg_constraint	connoinherit	bool
pg_constraint	conkey	int2[]
pg_constraint	confkey	int2[]
pg_constraint	conpfeqop	oid[]
pg_constraint	conppeqop	oid[]
pg_constraint	conffeqop	oid[]
pg_constraint	confdelsetcols	int2[]
pg_constraint	conexclop	oid[]
pg_constraint	conbin	text
pg_database	oid	oid
pg_database	datname	name
pg_database	datdba	oid
pg_database	encoding	int4
pg_database	datlocprovider	"char"
pg_database	datistemplate	bool
pg_database	datallowconn	bool
pg_database	datconnlimit	int4
pg_database	datfrozenxid	xid
pg_database	datminmxid	xid
pg_database	dattablespace	oid
pg_database	datcollate	text
pg_database	datctype	text
pg_database	daticulocale	text
pg_database	datcollversion	text
pg_database	datacl	aclitem[]
pg_enum	oid	oid
pg_enum	enumtypid	oid
pg_enum	enumsortorder	float4
pg_enum	enumlabel	name
pg_extension	oid	oid
pg_extension	extname	name
pg_extension	extowner	oid
pg_extension	extnamespace	oid
pg_extension	extrelocatable	bool
pg_extension	extversion	text
pg_extension	extconfig	oid[]
pg_extension	extcondition	text[]
pg_index	indexrelid	oid
pg_index	indrelid	oid
pg_index	indnatts	int2
pg_index	indnkeyatts	int2
pg_index	indisunique	bool
pg_index	indnullsnotdistinct	bool
pg_index	indisprimary	bool
pg_index	indisexclusion	bool
pg_index	indimmediate	bool
pg_index	indisclustered	bool
pg_index	indisvalid	bool
pg_index	indcheckxmin	bool
pg_index	indisready	bool
pg_index	indislive	bool
pg_index	indisreplident	bool
pg_index	indkey	int2vector
pg_index	indcollation	oidvector
pg_index	indclass	oidvector
pg_index	indoption	int2vector
pg_index	indexprs	text
pg_index	indpred	text
pg_language	oid	oid
pg_language	lanname	name
pg_language	lanowner	oid
pg_language	lanispl	bool
pg_language	lanpltrusted	bool
pg_language	lanplcallfoid	oid
pg_language	laninline	oid
pg_language	lanvalidator	oid
pg_language	lanacl	aclitem[]
pg_matviews	schemaname	name
pg_matviews	matviewname	name
pg_matviews	matviewowner	name
pg_matviews	tablespace	name
pg_matviews	hasindexes	bool
pg_matviews	ispopulated	bool
pg_matviews	definition	text
pg_namespace	oid	oid
pg_namespace	nspname	name
pg_namespace	nspowner	oid
pg_namespace	nspacl	aclitem[]
pg_operator	oid	oid
pg_operator	oprname	name
pg_operator	oprnamespace	oid
pg_operator	oprowner	oid
pg_operator	oprkind	"char"
pg_operator	oprcanmerge	bool
pg_operator	oprcanhash	bool
pg_operator	oprleft	oid
pg_operator	oprright	oid
pg_operator	oprresult	oid
pg_operator	oprcom	oid
pg_operator	oprnegate	oid
pg_operator	oprcode	regproc
pg_operator	oprrest	regproc
pg_operator	oprjoin	regproc
pg_partitioned_table	partrelid	oid
pg_partitioned_table	partstrat	"char"
pg_partitioned_table	partnatts	int2
pg_partitioned_table	partdefid	oid
pg_partitioned_table	partattrs	int2vector
pg_partitioned_table	partclass	oidvector
pg_partitioned_table	partcollation	oidvector
pg_partitioned_table	partexprs	text
pg_prepared_statements	name	text
pg_prepared_statements	statement	text
pg_prepared_statements	prepare_time	timestamptz
pg_prepared_statements	parameter_types	regtype[]
pg_prepared_statements	from_sql	bool
pg_prepared_statements	generic_plans	int8
pg_prepared_statements	custom_plans	int8
pg_proc	oid	oid
pg_proc	proname	name
pg_proc	pronamespace	oid
pg_proc	proowner	oid
pg_proc	prolang	oid
pg_proc	procost	float4
pg_proc	prorows	float4
pg_proc	provariadic	oid
pg_proc	prosupport	regproc
pg_proc	prokind	"char"
pg_proc	prosecdef	bool
pg_proc	proleakproof	bool
pg_proc	proisstrict	bool
pg_proc	proretset	bool
pg_proc	provolatile	"char"
pg_proc	proparallel	"char"
pg_proc	pronargs	int2
pg_proc	pronargdefaults	int2
pg_proc	prorettype	oid
pg_proc	proargtypes	oidvector
pg_proc	proallargtypes	oid[]
pg_proc	proargmodes	"char"[]
pg_proc	proargnames	text[]
pg_proc	proargdefaults	text
pg_proc	protrftypes	oid[]
pg_proc	prosrc	text
pg_proc	probin	text
pg_proc	prosqlbody	text
pg_proc	proconfig	text[]
pg_proc	proacl	aclitem[]
pg_range	rngtypid	oid
pg_range	rngsubtype	oid
pg_range	rngmultitypid	oid
pg_range	rngcollation	oid
pg_range	rngsubopc	oid
pg_range	rngcanonical	regproc
pg_range	rngsubdiff	regproc
pg_rewrite	oid	oid
pg_rewrite	rulename	name
pg_rewrite	ev_class	oid
pg_rewrite	ev_type	"char"
pg_rewrite	ev_enabled	"char"
pg_rewrite	is_instead	bool
pg_rewrite	ev_qual	text
pg_rewrite	ev_action	text
pg_roles	rolname	name
pg_roles	rolsuper	bool
pg_roles	rolinherit	bool
pg_roles	rolcreaterole	bool
pg_roles	rolcreatedb	bool
pg_roles	rolcanlogin	bool
pg_roles	rolreplication	bool
pg_roles	rolconnlimit	int4
pg_roles	rolpassword	text
pg_roles	rolvaliduntil	timestamptz
pg_roles	rolbypassrls	bool
pg_roles	rolconfig	text[]
pg_roles	oid	oid
pg_trigger	oid	oid
pg_trigger	tgrelid	oid
pg_trigger	tgparentid	oid
pg_trigger	tgname	name
pg_trigger	tgfoid	oid
pg_trigger	tgtype	int2
pg_trigger	tgenabled	"char"
pg_trigger	tgisinternal	bool
pg_trigger	tgconstrrelid	oid
pg_trigger	tgconstrindid	oid
pg_trigger	tgconstraint	oid
pg_trigger	tgdeferrable	bool
pg_trigger	tginitdeferred	bool
pg_trigger	tgnargs	int2
pg_trigger	tgattr	int2vector
pg_trigger	tgargs	bytea
pg_trigger	tgqual	text
pg_trigger	tgoldtable	name
pg_trigger	tgnewtable	name
pg_type	oid	oid
pg_type	typname	name
pg_type	typnamespace	oid
pg_type	typowner	oid
pg_type	typlen	int2
pg_type	typbyval	bool
pg_type	typtype	"char"
pg_type	typcategory	"char"
pg_type	typispreferred	bool
pg_type	typisdefined	bool
pg_type	typdelim	"char"
pg_type	typrelid	oid
pg_type	typsubscript	regproc
pg_type	typelem	oid
pg_type	typarray	oid
pg_type	typinput	regproc
pg_type	typoutput	regproc
pg_type	typreceive	regproc
pg_type	typsend	regproc
pg_type	typmodin	regproc
pg_type	typmodout	regproc
pg_type	typanalyze	regproc
pg_type	typalign	"char"
pg_type	typstorage	"char"
pg_type	typnotnull	bool
pg_type	typbasetype	oid
pg_type	typtypmod	int4
pg_type	typndims	int4
pg_type	typcollation	oid
pg_type	typdefaultbin	text
pg_type	typdefault	text
pg_type	typacl	aclitem[]
