16	1	true	c	p	B	true	boolin	boolout	boolrecv	boolsend	-	-	-	-
17	-1	false	i	x	U	false	byteain	byteaout	bytearecv	byteasend	-	-	-	-
18	1	true	c	p	Z	false	charin	charout	charrecv	charsend	-	-	-	-
19	64	false	c	p	S	false	namein	nameout	namerecv	namesend	-	-	-	raw_array_subscript_handler
20	8	true	d	p	N	false	int8in	int8out	int8recv	int8send	-	-	-	-
21	2	true	s	p	N	false	int2in	int2out	int2recv	int2send	-	-	-	-
22	-1	false	i	p	A	false	int2vectorin	int2vectorout	int2vectorrecv	int2vectorsend	-	-	-	array_subscript_handler
23	4	true	i	p	N	false	int4in	int4out	int4recv	int4send	-	-	-	-
24	4	true	i	p	N	false	regprocin	regprocout	regprocrecv	regprocsend	-	-	-	-
25	-1	false	i	x	S	true	textin	textout	textrecv	textsend	-	-	-	-
26	4	true	i	p	N	true	oidin	oidout	oidrecv	oidsend	-	-	-	-
27	6	false	s	p	U	false	tidin	tidout	tidrecv	tidsend	-	-	-	-
28	4	true	i	p	U	false	xidin	xidout	xidrecv	xidsend	-	-	-	-
29	4	true	i	p	U	false	cidin	cidout	cidrecv	cidsend	-	-	-	-
30	-1	false	i	p	A	false	oidvectorin	oidvectorout	oidvectorrecv	oidvectorsend	-	-	-	array_subscript_handler
32	8	true	d	p	P	false	pg_ddl_command_in	pg_ddl_command_out	pg_ddl_command_recv	pg_ddl_command_send	-	-	-	-
71	-1	false	d	x	C	false	record_in	record_out	record_recv	record_send	-	-	-	-
75	-1	false	d	x	C	false	record_in	record_out	record_recv	record_send	-	-	-	-
81	-1	false	d	x	C	false	record_in	record_out	record_recv	record_send	-	-	-	-
83	-1	false	d	x	C	false	record_in	record_out	record_recv	record_send	-	-	-	-
114	-1	false	i	x	U	false	json_in	json_out	json_recv	json_send	-	-	-	-
142	-1	false	i	x	U	false	xml_in	xml_out	xml_recv	xml_send	-	-	-	-
143	-1	false	i	x	A	false	array_in	array_out	array_recv	array_send	-	-	array_typanalyze	array_subscript_handler
194	-1	false	i	x	Z	false	pg_node_tree_in	pg_node_tree_out	pg_node_tree_recv	pg_node_tree_send	-	-	-	-
199	-1	false	i	x	A	false	array_in	array_out	array_recv	array_send	-	-	array_typanalyze	array_subscript_handler
210	-1	false	d	x	A	false	array_in	array_out	array_recv	array_send	-	-	array_typanalyze	array_subscript_handler
269	4	true	i	p	P	false	table_am_handler_in	table_am_handler_out	-	-	-	-	-	-
270	-1	false	d	x	A	false	array_in	array_out	array_recv	array_send	-	-	array_typanalyze	array_subscript_handler
271	-1	false	d	x	A	false	array_in	array_out	array_recv	array_send	-	-	array_typanalyze	array_subscript_handler
272	-1	false	d	x	A	false	array_in	array_out	array_recv	array_send	-	-	array_typanalyze	array_subscript_handler
273	-1	false	d	x	A	false	array_in	array_out	array_recv	array_send	-	-	array_typanalyze	array_subscript_handler
325	4	true	i	p	P	false	index_am_handler_in	index_am_handler_out	-	-	-	-	-	-
600	16	false	d	p	G	false	point_in	point_out	point_recv	point_send	-	-	-	raw_array_subscript_handler
601	32	false	d	p	G	false	lseg_in	lseg_out	lseg_recv	lseg_send	-	-	-	raw_array_subscript_handler
602	-1	false	d	x	G	false	path_in	path_out	path_recv	path_send	-	-	-	-
603	32	false	d	p	G	false	box_in	box_out	box_recv	box_send	-	-	-	raw_array_subscript_handler
604	-1	false	d	x	G	false	poly_in	poly_out	poly_recv	poly_send	-	-	-	-
628	24	false	d	p	G	false	line_in	line_out	line_recv	line_send	-	-	-	raw_array_subscript_handler
629	-1	false	d	x	A	false	array_in	array_out	array_recv	array_send	-	-	array_typanalyze	array_subscript_handler
650	-1	false	i	m	I	false	cidr_in	cidr_out	cidr_recv	cidr_send	-	-	-	-
651	-1	false	i	x	A	false	array_in	array_out	array_recv	array_send	-	-	array_typanalyze	array_subscript_handler
700	4	true	i	p	N	false	float4in	float4out	float4recv	float4send	-	-	-	-
701	8	true	d	p	N	true	float8in	float8out	float8recv	float8send	-	-	-	-
705	-2	false	c	p	X	false	unknownin	unknownout	unknownrecv	unknownsend	-	-	-	-
718	24	false	d	p	G	false	circle_in	circle_out	circle_recv	circle_send	-	-	-	-
719	-1	false	d	x	A	false	array_in	array_out	array_recv	array_send	-	-	array_typanalyze	array_subscript_handler
774	8	false	i	p	U	false	macaddr8_in	macaddr8_out	macaddr8_recv	macaddr8_send	-	-	-	-
775	-1	false	i	x	A	false	array_in	array_out	array_recv	array_send	-	-	array_typanalyze	array_subscript_handler
790	8	true	d	p	N	false	cash_in	cash_out	cash_recv	cash_send	-	-	-	-
791	-1	false	d	x	A	false	array_in	array_out	array_recv	array_send	-	-	array_typanalyze	array_subscript_handler
829	6	false	i	p	U	false	macaddr_in	macaddr_out	macaddr_recv	macaddr_send	-	-	-	-
869	-1	false	i	m	I	true	inet_in	inet_out	inet_recv	inet_send	-	-	-	-
1000	-1	false	i	x	A	false	array_in	array_out	array_recv	array_send	-	-	array_typanalyze	array_subscript_handler
1001	-1	false	i	x	A	false	array_in	array_out	array_recv	array_send	-	-	array_typanalyze	array_subscript_handler
1002	-1	false	i	x	A	false	array_in	array_out	array_recv	array_send	-	-	array_typanalyze	array_subscript_handler
1003	-1	false	i	x	A	false	array_in	array_out	array_recv	array_send	-	-	array_typanalyze	array_subscript_handler
1005	-1	false	i	x	A	false	array_in	array_out	array_recv	array_send	-	-	array_typanalyze	array_subscript_handler
1006	-1	false	i	x	A	false	array_in	array_out	array_recv	array_send	-	-	array_typanalyze	array_subscript_handler
1007	-1	false	i	x	A	false	array_in	array_out	array_recv	array_send	-	-	array_typanalyze	array_subscript_handler
1008	-1	false	i	x	A	false	array_in	array_out	array_recv	array_send	-	-	array_typanalyze	array_subscript_handler
1009	-1	false	i	x	A	false	array_in	array_out	array_recv	array_send	-	-	array_typanalyze	array_subscript_handler
1010	-1	false	i	x	A	false	array_in	array_out	array_recv	array_send	-	-	array_typanalyze	array_subscript_handler
1011	-1	false	i	x	A	false	array_in	array_out	array_recv	array_send	-	-	array_typanalyze	array_subscript_handler
1012	-1	false	i	x	A	false	array_in	array_out	array_recv	array_send	-	-	array_typanalyze	array_subscript_handler
1013	-1	false	i	x	A	false	array_in	array_out	array_recv	array_send	-	-	array_typanalyze	array_subscript_handler
1014	-1	false	i	x	A	false	array_in	array_out	array_recv	array_send	bpchartypmodin	bpchartypmodout	array_typanalyze	array_subscript_handler
1015	-1	false	i	x	A	false	array_in	array_out	array_recv	array_send	varchartypmodin	varchartypmodout	array_typanalyze	array_subscript_handler
1016	-1	false	d	x	A	false	array_in	array_out	array_recv	array_send	-	-	array_typanalyze	array_subscript_handler
1017	-1	false	d	x	A	false	array_in	array_out	array_recv	array_send	-	-	array_typanalyze	array_subscript_handler
1018	-1	false	d	x	A	false	array_in	array_out	array_recv	array_send	-	-	array_typanalyze	array_subscript_handler
1019	-1	false	d	x	A	false	array_in	array_out	array_recv	array_send	-	-	array_typanalyze	array_subscript_handler
1020	-1	false	d	x	A	false	array_in	array_out	array_recv	array_send	-	-	array_typanalyze	array_subscript_handler
1021	-1	false	i	x	A	false	array_in	array_out	array_recv	array_send	-	-	array_typanalyze	array_subscript_handler
1022	-1	false	d	x	A	false	array_in	array_out	array_recv	array_send	-	-	array_typanalyze	array_subscript_handler
1027	-1	false	d	x	A	false	array_in	array_out	array_recv	array_send	-	-	array_typanalyze	array_subscript_handler
1028	-1	false	i	x	A	false	array_in	array_out	array_recv	array_send	-	-	array_typanalyze	array_subscript_handler
1033	12	false	i	p	U	false	aclitemin	aclitemout	-	-	-	-	-	-
1034	-1	false	i	x	A	false	array_in	array_out	array_recv	array_send	-	-	array_typanalyze	array_subscript_handler
1040	-1	false	i	x	A	false	array_in	array_out	array_recv	array_send	-	-	array_typanalyze	array_subscript_handler
1041	-1	false	i	x	A	false	array_in	array_out	array_recv	array_send	-	-	array_typanalyze	array_subscript_handler
1042	-1	false	i	x	S	false	bpcharin	bpcharout	bpcharrecv	bpcharsend	bpchartypmodin	bpchartypmodout	-	-
1043	-1	false	i	x	S	false	varcharin	varcharout	varcharrecv	varcharsend	varchartypmodin	varchartypmodout	-	-
1082	4	true	i	p	D	false	date_in	date_out	date_recv	date_send	-	-	-	-
1083	8	true	d	p	D	false	time_in	time_out	time_recv	time_send	timetypmodin	timetypmodout	-	-
1114	8	true	d	p	D	false	timestamp_in	timestamp_out	timestamp_recv	timestamp_send	timestamptypmodin	timestamptypmodout	-	-
1115	-1	false	d	x	A	false	array_in	array_out	array_recv	array_send	timestamptypmodin	timestamptypmodout	array_typanalyze	array_subscript_handler
1182	-1	false	i	x	A	false	array_in	array_out	array_recv	array_send	-	-	array_typanalyze	array_subscript_handler
1183	-1	false	d	x	A	false	array_in	array_out	array_recv	array_send	timetypmodin	timetypmodout	array_typanalyze	array_subscript_handler
1184	8	true	d	p	D	true	timestamptz_in	timestamptz_out	timestamptz_recv	timestamptz_send	timestamptztypmodin	timestamptztypmodout	-	-
1185	-1	false	d	x	A	false	array_in	array_out	array_recv	array_send	timestamptztypmodin	timestamptztypmodout	array_typanalyze	array_subscript_handler
1186	16	false	d	p	T	true	interval_in	interval_out	interval_recv	interval_send	intervaltypmodin	intervaltypmodout	-	-
1187	-1	false	d	x	A	false	array_in	array_out	array_recv	array_send	intervaltypmodin	intervaltypmodout	array_typanalyze	array_subscript_handler
1231	-1	false	i	x	A	false	array_in	array_out	array_recv	array_send	numerictypmodin	numerictypmodout	array_typanalyze	array_subscript_handler
1248	-1	false	d	x	C	false	record_in	record_out	record_recv	record_send	-	-	-	-
1263	-1	false	i	x	A	false	array_in	array_out	array_recv	array_send	-	-	array_typanalyze	array_subscript_handler
1266	12	false	d	p	D	false	timetz_in	timetz_out	timetz_recv	timetz_send	timetztypmodin	timetztypmodout	-	-
1270	-1	false	d	x	A	false	array_in	array_out	array_recv	array_send	timetztypmodin	timetztypmodout	array_typanalyze	array_subscript_handler
1560	-1	false	i	x	V	false	bit_in	bit_out	bit_recv	bit_send	bittypmodin	bittypmodout	-	-
1561	-1	false	i	x	A	false	array_in	array_out	array_recv	array_send	bittypmodin	bittypmodout	array_typanalyze	array_subscript_handler
1562	-1	false	i	x	V	true	varbit_in	varbit_out	varbit_recv	varbit_send	varbittypmodin	varbittypmodout	-	-
1563	-1	false	i	x	A	false	array_in	array_out	array_recv	array_send	varbittypmodin	varbittypmodout	array_typanalyze	array_subscript_handler
1700	-1	false	i	m	N	false	numeric_in	numeric_out	numeric_recv	numeric_send	numerictypmodin	numerictypmodout	-	-
1790	-1	false	i	x	U	false	textin	textout	textrecv	textsend	-	-	-	-
2201	-1	false	i	x	A	false	array_in	array_out	array_recv	array_send	-	-	array_typanalyze	array_subscript_handler
2202	4	true	i	p	N	false	regprocedurein	regprocedureout	regprocedurerecv	regproceduresend	-	-	-	-
2203	4	true	i	p	N	false	regoperin	regoperout	regoperrecv	regopersend	-	-	-	-
2204	4	true	i	p	N	false	regoperatorin	regoperatorout	regoperatorrecv	regoperatorsend	-	-	-	-
2205	4	true	i	p	N	false	regclassin	regclassout	regclassrecv	regclasssend	-	-	-	-
2206	4	true	i	p	N	false	regtypein	regtypeout	regtyperecv	regtypesend	-	-	-	-
2207	-1	false	i	x	A	false	array_in	array_out	array_recv	array_send	-	-	array_typanalyze	array_subscript_handler
2208	-1	false	i	x	A	false	array_in	array_out	array_recv	array_send	-	-	array_typanalyze	array_subscript_handler
2209	-1	false	i	x	A	false	array_in	array_out	array_recv	array_send	-	-	array_typanalyze	array_subscript_handler
2210	-1	false	i	x	A	false	array_in	array_out	array_recv	array_send	-	-	array_typanalyze	array_subscript_handler
2211	-1	false	i	x	A	false	array_in	array_out	array_recv	array_send	-	-	array_typanalyze	array_subscript_handler
2249	-1	false	d	x	P	false	record_in	record_out	record_recv	record_send	-	-	-	-
2275	-2	false	c	p	P	false	cstring_in	cstring_out	cstring_recv	cstring_send	-	-	-	-
2276	4	true	i	p	P	false	any_in	any_out	-	-	-	-	-	-
2277	-1	false	d	x	P	false	anyarray_in	anyarray_out	anyarray_recv	anyarray_send	-	-	-	-
2278	4	true	i	p	P	false	void_in	void_out	void_recv	void_send	-	-	-	-
2279	4	true	i	p	P	false	trigger_in	trigger_out	-	-	-	-	-	-
2280	4	true	i	p	P	false	language_handler_in	language_handler_out	-	-	-	-	-	-
2281	8	true	d	p	P	false	internal_in	internal_out	-	-	-	-	-	-
2283	4	true	i	p	P	false	anyelement_in	anyelement_out	-	-	-	-	-	-
2287	-1	false	d	x	P	false	array_in	array_out	array_recv	array_send	-	-	array_typanalyze	array_subscript_handler
2776	4	true	i	p	P	false	anynonarray_in	anynonarray_out	-	-	-	-	-	-
2842	-1	false	d	x	C	false	record_in	record_out	record_recv	record_send	-	-	-	-
2843	-1	false	d	x	C	false	record_in	record_out	record_recv	record_send	-	-	-	-
2949	-1	false	d	x	A	false	array_in	array_out	array_recv	array_send	-	-	array_typanalyze	array_subscript_handler
2950	16	false	c	p	U	false	uuid_in	uuid_out	uuid_recv	uuid_send	-	-	-	-
2951	-1	false	i	x	A	false	array_in	array_out	array_recv	array_send	-	-	array_typanalyze	array_subscript_handler
2970	-1	false	d	x	U	false	txid_snapshot_in	txid_snapshot_out	txid_snapshot_recv	txid_snapshot_send	-	-	-	-
3115	4	true	i	p	P	false	fdw_handler_in	fdw_handler_out	-	-	-	-	-	-
3220	8	true	d	p	U	false	pg_lsn_in	pg_lsn_out	pg_lsn_recv	pg_lsn_send	-	-	-	-
3221	-1	false	d	x	A	false	array_in	array_out	array_recv	array_send	-	-	array_typanalyze	array_subscript_handler
3310	4	true	i	p	P	false	tsm_handler_in	tsm_handler_out	-	-	-	-	-	-
3361	-1	false	i	x	Z	false	pg_ndistinct_in	pg_ndistinct_out	pg_ndistinct_recv	pg_ndistinct_send	-	-	-	-
3402	-1	false	i	x	Z	false	pg_dependencies_in	pg_dependencies_out	pg_dependencies_recv	pg_dependencies_send	-	-	-	-
3500	4	true	i	p	P	false	anyenum_in	anyenum_out	-	-	-	-	-	-
3614	-1	false	i	x	U	false	tsvectorin	tsvectorout	tsvectorrecv	tsvectorsend	-	-	ts_typanalyze	-
3615	-1	false	i	p	U	false	tsqueryin	tsqueryout	tsqueryrecv	tsquerysend	-	-	-	-
3642	-1	false	i	p	U	false	gtsvectorin	gtsvectorout	-	-	-	-	-	-
3643	-1	false	i	x	A	false	array_in	array_out	array_recv	array_send	-	-	array_typanalyze	array_subscript_handler
3644	-1	false	i	x	A	false	array_in	array_out	array_recv	array_send	-	-	array_typanalyze	array_subscript_handler
3645	-1	false	i	x	A	false	array_in	array_out	array_recv	array_send	-	-	array_typanalyze	array_subscript_handler
3734	4	true	i	p	N	false	regconfigin	regconfigout	regconfigrecv	regconfigsend	-	-	-	-
3735	-1	false	i	x	A	false	array_in	array_out	array_recv	array_send	-	-	array_typanalyze	array_subscript_handler
3769	4	true	i	p	N	false	regdictionaryin	regdictionaryout	regdictionaryrecv	regdictionarysend	-	-	-	-
3770	-1	false	i	x	A	false	array_in	array_out	array_recv	array_send	-	-	array_typanalyze	array_subscript_handler
3802	-1	false	i	x	U	false	jsonb_in	jsonb_out	jsonb_recv	jsonb_send	-	-	-	jsonb_subscript_handler
3807	-1	false	i	x	A	false	array_in	array_out	array_recv	array_send	-	-	array_typanalyze	array_subscript_handler
3831	-1	false	d	x	P	false	anyrange_in	anyrange_out	-	-	-	-	-	-
3838	4	true	i	p	P	false	event_trigger_in	event_trigger_out	-	-	-	-	-	-
3904	-1	false	i	x	R	false	range_in	range_out	range_recv	range_send	-	-	range_typanalyze	-
3905	-1	false	i	x	A	false	array_in	array_out	array_recv	array_send	-	-	array_typanalyze	array_subscript_handler
3906	-1	false	i	x	R	false	range_in	range_out	range_recv	range_send	-	-	range_typanalyze	-
3907	-1	false	i	x	A	false	array_in	array_out	array_recv	array_send	-	-	array_typanalyze	array_subscript_handler
3908	-1	false	d	x	R	false	range_in	range_out	range_recv	range_send	-	-	range_typanalyze	-
3909	-1	false	d	x	A	false	array_in	array_out	array_recv	array_send	-	-	array_typanalyze	array_subscript_handler
3910	-1	false	d	x	R	false	range_in	range_out	range_recv	range_send	-	-	range_typanalyze	-
3911	-1	false	d	x	A	false	array_in	array_out	array_recv	array_send	-	-	array_typanalyze	array_subscript_handler
3912	-1	false	i	x	R	false	range_in	range_out	range_recv	range_send	-	-	range_typanalyze	-
3913	-1	false	i	x	A	false	array_in	array_out	array_recv	array_send	-	-	array_typanalyze	array_subscript_handler
3926	-1	false	d	x	R	false	range_in	range_out	range_recv	range_send	-	-	range_typanalyze	-
3927	-1	false	d	x	A	false	array_in	array_out	array_recv	array_send	-	-	array_typanalyze	array_subscript_handler
4066	-1	false	d	x	C	false	record_in	record_out	record_recv	record_send	-	-	-	-
4072	-1	false	i	x	U	false	jsonpath_in	jsonpath_out	jsonpath_recv	jsonpath_send	-	-	-	-
4073	-1	false	i	x	A	false	array_in	array_out	array_recv	array_send	-	-	array_typanalyze	array_subscript_handler
4089	4	true	i	p	N	false	regnamespacein	regnamespaceout	regnamespacerecv	regnamespacesend	-	-	-	-
4090	-1	false	i	x	A	false	array_in	array_out	array_recv	array_send	-	-	array_typanalyze	array_subscript_handler
4096	4	true	i	p	N	false	regrolein	regroleout	regrolerecv	regrolesend	-	-	-	-
4097	-1	false	i	x	A	false	array_in	array_out	array_recv	array_send	-	-	array_typanalyze	array_subscript_handler
4191	4	true	i	p	N	false	regcollationin	regcollationout	regcollationrecv	regcollationsend	-	-	-	-
4192	-1	false	i	x	A	false	array_in	array_out	array_recv	array_send	-	-	array_typanalyze	array_subscript_handler
4451	-1	false	i	x	R	false	multirange_in	multirange_out	multirange_recv	multirange_send	-	-	multirange_typanalyze	-
4532	-1	false	i	x	R	false	multirange_in	multirange_out	multirange_recv	multirange_send	-	-	multirange_typanalyze	-
4533	-1	false	d	x	R	false	multirange_in	multirange_out	multirange_recv	multirange_send	-	-	multirange_typanalyze	-
4534	-1	false	d	x	R	false	multirange_in	multirange_out	multirange_recv	multirange_send	-	-	multirange_typanalyze	-
4535	-1	false	i	x	R	false	multirange_in	multirange_out	multirange_recv	multirange_send	-	-	multirange_typanalyze	-
4536	-1	false	d	x	R	false	multirange_in	multirange_out	multirange_recv	multirange_send	-	-	multirange_typanalyze	-
4537	-1	false	d	x	P	false	anymultirange_in	anymultirange_out	-	-	-	-	-	-
4538	-1	false	d	x	P	false	anycompatiblemultirange_in	anycompatiblemultirange_out	-	-	-	-	-	-
4600	-1	false	i	x	Z	false	brin_bloom_summary_in	brin_bloom_summary_out	brin_bloom_summary_recv	brin_bloom_summary_send	-	-	-	-
4601	-1	false	i	x	Z	false	brin_minmax_multi_summary_in	brin_minmax_multi_summary_out	brin_minmax_multi_summary_recv	brin_minmax_multi_summary_send	-	-	-	-
5017	-1	false	i	x	Z	false	pg_mcv_list_in	pg_mcv_list_out	pg_mcv_list_recv	pg_mcv_list_send	-	-	-	-
5038	-1	false	d	x	U	false	pg_snapshot_in	pg_snapshot_out	pg_snapshot_recv	pg_snapshot_send	-	-	-	-
5039	-1	false	d	x	A	false	array_in	array_out	array_recv	array_send	-	-	array_typanalyze	array_subscript_handler
5069	8	true	d	p	U	false	xid8in	xid8out	xid8recv	xid8send	-	-	-	-
5077	4	true	i	p	P	false	anycompatible_in	anycompatible_out	-	-	-	-	-	-
5078	-1	false	d	x	P	false	anycompatiblearray_in	anycompatiblearray_out	anycompatiblearray_recv	anycompatiblearray_send	-	-	-	-
5079	4	true	i	p	P	false	anycompatiblenonarray_in	anycompatiblenonarray_out	-	-	-	-	-	-
5080	-1	false	d	x	P	false	anycompatiblerange_in	anycompatiblerange_out	-	-	-	-	-	-
6101	-1	false	d	x	C	false	record_in	record_out	record_recv	record_send	-	-	-	-
6150	-1	false	i	x	A	false	array_in	array_out	array_recv	array_send	-	-	array_typanalyze	array_subscript_handler
6151	-1	false	i	x	A	false	array_in	array_out	array_recv	array_send	-	-	array_typanalyze	array_subscript_handler
6152	-1	false	d	x	A	false	array_in	array_out	array_recv	array_send	-	-	array_typanalyze	array_subscript_handler
6153	-1	false	d	x	A	false	array_in	array_out	array_recv	array_send	-	-	array_typanalyze	array_subscript_handler
6155	-1	false	i	x	A	false	array_in	array_out	array_recv	array_send	-	-	array_typanalyze	array_subscript_handler
6157	-1	false	d	x	A	false	array_in	array_out	array_recv	array_send	-	-	array_typanalyze	array_subscript_handler
10000	-1	false	d	x	A	false	array_in	array_out	array_recv	array_send	-	-	array_typanalyze	array_subscript_handler
10001	-1	false	d	x	C	false	record_in	record_out	record_recv	record_send	-	-	-	-
10002	-1	false	d	x	A	false	array_in	array_out	array_recv	array_send	-	-	array_typanalyze	array_subscript_handler
10003	-1	false	d	x	C	false	record_in	record_out	record_recv	record_send	-	-	-	-
10004	-1	false	d	x	A	false	array_in	array_out	array_recv	array_send	-	-	array_typanalyze	array_subscript_handler
10005	-1	false	d	x	C	false	record_in	record_out	record_recv	record_send	-	-	-	-
10006	-1	false	d	x	A	false	array_in	array_out	array_recv	array_send	-	-	array_typanalyze	array_subscript_handler
10007	-1	false	d	x	C	false	record_in	record_out	record_recv	record_send	-	-	-	-
10008	-1	false	d	x	A	false	array_in	array_out	array_recv	array_send	-	-	array_typanalyze	array_subscript_handler
10009	-1	false	d	x	C	false	record_in	record_out	record_recv	record_send	-	-	-	-
10010	-1	false	d	x	A	false	array_in	array_out	array_recv	array_send	-	-	array_typanalyze	array_subscript_handler
10011	-1	false	d	x	C	false	record_in	record_out	record_recv	record_send	-	-	-	-
10012	-1	false	d	x	A	false	array_in	array_out	array_recv	array_send	-	-	array_typanalyze	array_subscript_handler
10013	-1	false	d	x	C	false	record_in	record_out	record_recv	record_send	-	-	-	-
10014	-1	false	d	x	A	false	array_in	array_out	array_recv	array_send	-	-	array_typanalyze	array_subscript_handler
10015	-1	false	d	x	C	false	record_in	record_out	record_recv	record_send	-	-	-	-
10016	-1	false	d	x	A	false	array_in	array_out	array_recv	array_send	-	-	array_typanalyze	array_subscript_handler
10017	-1	false	d	x	C	false	record_in	record_out	record_recv	record_send	-	-	-	-
10018	-1	false	d	x	A	false	array_in	array_out	array_recv	array_send	-	-	array_typanalyze	array_subscript_handler
10019	-1	false	d	x	C	false	record_in	record_out	record_recv	record_send	-	-	-	-
10020	-1	false	d	x	A	false	array_in	array_out	array_recv	array_send	-	-	array_typanalyze	array_subscript_handler
10021	-1	false	d	x	C	false	record_in	record_out	record_recv	record_send	-	-	-	-
10022	-1	false	d	x	A	false	array_in	array_out	array_recv	array_send	-	-	array_typanalyze	array_subscript_handler
10023	-1	false	d	x	C	false	record_in	record_out	record_recv	record_send	-	-	-	-
10024	-1	false	d	x	A	false	array_in	array_out	array_recv	array_send	-	-	array_typanalyze	array_subscript_handler
10025	-1	false	d	x	C	false	record_in	record_out	record_recv	record_send	-	-	-	-
10026	-1	false	d	x	A	false	array_in	array_out	array_recv	array_send	-	-	array_typanalyze	array_subscript_handler
10027	-1	false	d	x	C	false	record_in	record_out	record_recv	record_send	-	-	-	-
10028	-1	false	d	x	A	false	array_in	array_out	array_recv	array_send	-	-	array_typanalyze	array_subscript_handler
10029	-1	false	d	x	C	false	record_in	record_out	record_recv	record_send	-	-	-	-
10030	-1	false	d	x	A	false	array_in	array_out	array_recv	array_send	-	-	array_typanalyze	array_subscript_handler
10031	-1	false	d	x	C	false	record_in	record_out	record_recv	record_send	-	-	-	-
10032	-1	false	d	x	A	false	array_in	array_out	array_recv	array_send	-	-	array_typanalyze	array_subscript_handler
10033	-1	false	d	x	C	false	record_in	record_out	record_recv	record_send	-	-	-	-
10034	-1	false	d	x	A	false	array_in	array_out	array_recv	array_send	-	-	array_typanalyze	array_subscript_handler
10035	-1	false	d	x	C	false	record_in	record_out	record_recv	record_send	-	-	-	-
10036	-1	false	d	x	A	false	array_in	array_out	array_recv	array_send	-	-	array_typanalyze	array_subscript_handler
10037	-1	false	d	x	C	false	record_in	record_out	record_recv	record_send	-	-	-	-
10038	-1	false	d	x	A	false	array_in	array_out	array_recv	array_send	-	-	array_typanalyze	array_subscript_handler
10039	-1	false	d	x	C	false	record_in	record_out	record_recv	record_send	-	-	-	-
10040	-1	false	d	x	A	false	array_in	array_out	array_recv	array_send	-	-	array_typanalyze	array_subscript_handler
10041	-1	false	d	x	C	false	record_in	record_out	record_recv	record_send	-	-	-	-
10042	-1	false	d	x	A	false	array_in	array_out	array_recv	array_send	-	-	array_typanalyze	array_subscript_handler
10043	-1	false	d	x	C	false	record_in	record_out	record_recv	record_send	-	-	-	-
10044	-1	false	d	x	A	false	array_in	array_out	array_recv	array_send	-	-	array_typanalyze	array_subscript_handler
10045	-1	false	d	x	C	false	record_in	record_out	record_recv	record_send	-	-	-	-
10046	-1	false	d	x	A	false	array_in	array_out	array_recv	array_send	-	-	array_typanalyze	array_subscript_handler
10047	-1	false	d	x	C	false	record_in	record_out	record_recv	record_send	-	-	-	-
10048	-1	false	d	x	A	false	array_in	array_out	array_recv	array_send	-	-	array_typanalyze	array_subscript_handler
10049	-1	false	d	x	C	false	record_in	record_out	record_recv	record_send	-	-	-	-
10050	-1	false	d	x	A	false	array_in	array_out	array_recv	array_send	-	-	array_typanalyze	array_subscript_handler
10051	-1	false	d	x	C	false	record_in	record_out	record_recv	record_send	-	-	-	-
10052	-1	false	d	x	A	false	array_in	array_out	array_recv	array_send	-	-	array_typanalyze	array_subscript_handler
10053	-1	false	d	x	A	false	array_in	array_out	array_recv	array_send	-	-	array_typanalyze	array_subscript_handler
10054	-1	false	d	x	C	false	record_in	record_out	record_recv	record_send	-	-	-	-
10055	-1	false	d	x	A	false	array_in	array_out	array_recv	array_send	-	-	array_typanalyze	array_subscript_handler
10056	-1	false	d	x	C	false	record_in	record_out	record_recv	record_send	-	-	-	-
10057	-1	false	d	x	A	false	array_in	array_out	array_recv	array_send	-	-	array_typanalyze	array_subscript_handler
10058	-1	false	d	x	A	false	array_in	array_out	array_recv	array_send	-	-	array_typanalyze	array_subscript_handler
10059	-1	false	d	x	A	false	array_in	array_out	array_recv	array_send	-	-	array_typanalyze	array_subscript_handler
10060	-1	false	d	x	C	false	record_in	record_out	record_recv	record_send	-	-	-	-
10061	-1	false	d	x	A	false	array_in	array_out	array_recv	array_send	-	-	array_typanalyze	array_subscript_handler
10062	-1	false	d	x	C	false	record_in	record_out	record_recv	record_send	-	-	-	-
10063	-1	false	d	x	A	false	array_in	array_out	array_recv	array_send	-	-	array_typanalyze	array_subscript_handler
10064	-1	false	d	x	C	false	record_in	record_out	record_recv	record_send	-	-	-	-
10065	-1	false	d	x	A	false	array_in	array_out	array_recv	array_send	-	-	array_typanalyze	array_subscript_handler
10066	-1	false	d	x	C	false	record_in	record_out	record_recv	record_send	-	-	-	-
10067	-1	false	d	x	A	false	array_in	array_out	array_recv	array_send	-	-	array_typanalyze	array_subscript_handler
10068	-1	false	d	x	C	false	record_in	record_out	record_recv	record_send	-	-	-	-
10069	-1	false	d	x	A	false	array_in	array_out	array_recv	array_send	-	-	array_typanalyze	array_subscript_handler
10070	-1	false	d	x	C	false	record_in	record_out	record_recv	record_send	-	-	-	-
10071	-1	false	d	x	A	false	array_in	array_out	array_recv	array_send	-	-	array_typanalyze	array_subscript_handler
10072	-1	false	d	x	C	false	record_in	record_out	record_recv	record_send	-	-	-	-
10073	-1	false	d	x	A	false	array_in	array_out	array_recv	array_send	-	-	array_typanalyze	array_subscript_handler
10074	-1	false	d	x	C	false	record_in	record_out	record_recv	record_send	-	-	-	-
10075	-1	false	d	x	A	false	array_in	array_out	array_recv	array_send	-	-	array_typanalyze	array_subscript_handler
10076	-1	false	d	x	C	false	record_in	record_out	record_recv	record_send	-	-	-	-
10077	-1	false	d	x	A	false	array_in	array_out	array_recv	array_send	-	-	array_typanalyze	array_subscript_handler
10078	-1	false	d	x	C	false	record_in	record_out	record_recv	record_send	-	-	-	-
10079	-1	false	d	x	A	false	array_in	array_out	array_recv	array_send	-	-	array_typanalyze	array_subscript_handler
10080	-1	false	d	x	C	false	record_in	record_out	record_recv	record_send	-	-	-	-
10081	-1	false	d	x	A	false	array_in	array_out	array_recv	array_send	-	-	array_typanalyze	array_subscript_handler
10082	-1	false	d	x	C	false	record_in	record_out	record_recv	record_send	-	-	-	-
10083	-1	false	d	x	A	false	array_in	array_out	array_recv	array_send	-	-	array_typanalyze	array_subscript_handler
10084	-1	false	d	x	C	false	record_in	record_out	record_recv	record_send	-	-	-	-
10085	-1	false	d	x	A	false	array_in	array_out	array_recv	array_send	-	-	array_typanalyze	array_subscript_handler
10086	-1	false	d	x	C	false	record_in	record_out	record_recv	record_send	-	-	-	-
10087	-1	false	d	x	A	false	array_in	array_out	array_recv	array_send	-	-	array_typanalyze	array_subscript_handler
10088	-1	false	d	x	C	false	record_in	record_out	record_recv	record_send	-	-	-	-
10089	-1	false	d	x	A	false	array_in	array_out	array_recv	array_send	-	-	array_typanalyze	array_subscript_handler
10090	-1	false	d	x	C	false	record_in	record_out	record_recv	record_send	-	-	-	-
10091	-1	false	d	x	A	false	array_in	array_out	array_recv	array_send	-	-	array_typanalyze	array_subscript_handler
10092	-1	false	d	x	C	false	record_in	record_out	record_recv	record_send	-	-	-	-
10093	-1	false	d	x	A	false	array_in	array_out	array_recv	array_send	-	-	array_typanalyze	array_subscript_handler
10094	-1	false	d	x	A	false	array_in	array_out	array_recv	array_send	-	-	array_typanalyze	array_subscript_handler
10095	-1	false	d	x	C	false	record_in	record_out	record_recv	record_send	-	-	-	-
10096	-1	false	d	x	A	false	array_in	array_out	array_recv	array_send	-	-	array_typanalyze	array_subscript_handler
10097	-1	false	d	x	C	false	record_in	record_out	record_recv	record_send	-	-	-	-
10098	-1	false	d	x	A	false	array_in	array_out	array_recv	array_send	-	-	array_typanalyze	array_subscript_handler
10099	-1	false	d	x	C	false	record_in	record_out	record_recv	record_send	-	-	-	-
10100	-1	false	d	x	A	false	array_in	array_out	array_recv	array_send	-	-	array_typanalyze	array_subscript_handler
10101	-1	false	d	x	C	false	record_in	record_out	record_recv	record_send	-	-	-	-
10102	-1	false	d	x	A	false	array_in	array_out	array_recv	array_send	-	-	array_typanalyze	array_subscript_handler
10103	-1	false	d	x	C	false	record_in	record_out	record_recv	record_send	-	-	-	-
10104	-1	false	d	x	A	false	array_in	array_out	array_recv	array_send	-	-	array_typanalyze	array_subscript_handler
10105	-1	false	d	x	C	false	record_in	record_out	record_recv	record_send	-	-	-	-
10106	-1	false	d	x	A	false	array_in	array_out	array_recv	array_send	-	-	array_typanalyze	array_subscript_handler
10107	-1	false	d	x	C	false	record_in	record_out	record_recv	record_send	-	-	-	-
10108	-1	false	d	x	A	false	array_in	array_out	array_recv	array_send	-	-	array_typanalyze	array_subscript_handler
10109	-1	false	d	x	C	false	record_in	record_out	record_recv	record_send	-	-	-	-
10110	-1	false	d	x	A	false	array_in	array_out	array_recv	array_send	-	-	array_typanalyze	array_subscript_handler
10111	-1	false	d	x	C	false	record_in	record_out	record_recv	record_send	-	-	-	-
10112	-1	false	d	x	A	false	array_in	array_out	array_recv	array_send	-	-	array_typanalyze	array_subscript_handler
10113	-1	false	d	x	A	false	array_in	array_out	array_recv	array_send	-	-	array_typanalyze	array_subscript_handler
10114	-1	false	d	x	C	false	record_in	record_out	record_recv	record_send	-	-	-	-
12001	-1	false	d	x	A	false	array_in	array_out	array_recv	array_send	-	-	array_typanalyze	array_subscript_handler
12002	-1	false	d	x	C	false	record_in	record_out	record_recv	record_send	-	-	-	-
12006	-1	false	d	x	A	false	array_in	array_out	array_recv	array_send	-	-	array_typanalyze	array_subscript_handler
12007	-1	false	d	x	C	false	record_in	record_out	record_recv	record_send	-	-	-	-
12011	-1	false	d	x	A	false	array_in	array_out	array_recv	array_send	-	-	array_typanalyze	array_subscript_handler
12012	-1	false	d	x	C	false	record_in	record_out	record_recv	record_send	-	-	-	-
12015	-1	false	d	x	A	false	array_in	array_out	array_recv	array_send	-	-	array_typanalyze	array_subscript_handler
12016	-1	false	d	x	C	false	record_in	record_out	record_recv	record_send	-	-	-	-
12019	-1	false	d	x	A	false	array_in	array_out	array_recv	array_send	-	-	array_typanalyze	array_subscript_handler
12020	-1	false	d	x	C	false	record_in	record_out	record_recv	record_send	-	-	-	-
12024	-1	false	d	x	A	false	array_in	array_out	array_recv	array_send	-	-	array_typanalyze	array_subscript_handler
12025	-1	false	d	x	C	false	record_in	record_out	record_recv	record_send	-	-	-	-
12029	-1	false	d	x	A	false	array_in	array_out	array_recv	array_send	-	-	array_typanalyze	array_subscript_handler
12030	-1	false	d	x	C	false	record_in	record_out	record_recv	record_send	-	-	-	-
12034	-1	false	d	x	A	false	array_in	array_out	array_recv	array_send	-	-	array_typanalyze	array_subscript_handler
12035	-1	false	d	x	C	false	record_in	record_out	record_recv	record_send	-	-	-	-
12039	-1	false	d	x	A	false	array_in	array_out	array_recv	array_send	-	-	array_typanalyze	array_subscript_handler
12040	-1	false	d	x	C	false	record_in	record_out	record_recv	record_send	-	-	-	-
12044	-1	false	d	x	A	false	array_in	array_out	array_recv	array_send	-	-	array_typanalyze	array_subscript_handler
12045	-1	false	d	x	C	false	record_in	record_out	record_recv	record_send	-	-	-	-
12049	-1	false	d	x	A	false	array_in	array_out	array_recv	array_send	-	-	array_typanalyze	array_subscript_handler
12050	-1	false	d	x	C	false	record_in	record_out	record_recv	record_send	-	-	-	-
12054	-1	false	d	x	A	false	array_in	array_out	array_recv	array_send	-	-	array_typanalyze	array_subscript_handler
12055	-1	false	d	x	C	false	record_in	record_out	record_recv	record_send	-	-	-	-
12059	-1	false	d	x	A	false	array_in	array_out	array_recv	array_send	-	-	array_typanalyze	array_subscript_handler
12060	-1	false	d	x	C	false	record_in	record_out	record_recv	record_send	-	-	-	-
12064	-1	false	d	x	A	false	array_in	array_out	array_recv	array_send	-	-	array_typanalyze	array_subscript_handler
12065	-1	false	d	x	C	false	record_in	record_out	record_recv	record_send	-	-	-	-
12069	-1	false	d	x	A	false	array_in	array_out	array_recv	array_send	-	-	array_typanalyze	array_subscript_handler
12070	-1	false	d	x	C	false	record_in	record_out	record_recv	record_send	-	-	-	-
12074	-1	false	d	x	A	false	array_in	array_out	array_recv	array_send	-	-	array_typanalyze	array_subscript_handler
12075	-1	false	d	x	C	false	record_in	record_out	record_recv	record_send	-	-	-	-
12078	-1	false	d	x	A	false	array_in	array_out	array_recv	array_send	-	-	array_typanalyze	array_subscript_handler
12079	-1	false	d	x	C	false	record_in	record_out	record_recv	record_send	-	-	-	-
12082	-1	false	d	x	A	false	array_in	array_out	array_recv	array_send	-	-	array_typanalyze	array_subscript_handler
12083	-1	false	d	x	C	false	record_in	record_out	record_recv	record_send	-	-	-	-
12086	-1	false	d	x	A	false	array_in	array_out	array_recv	array_send	-	-	array_typanalyze	array_subscript_handler
12087	-1	false	d	x	C	false	record_in	record_out	record_recv	record_send	-	-	-	-
12091	-1	false	d	x	A	false	array_in	array_out	array_recv	array_send	-	-	array_typanalyze	array_subscript_handler
12092	-1	false	d	x	C	false	record_in	record_out	record_recv	record_send	-	-	-	-
12096	-1	false	d	x	A	false	array_in	array_out	array_recv	array_send	-	-	array_typanalyze	array_subscript_handler
12097	-1	false	d	x	C	false	record_in	record_out	record_recv	record_send	-	-	-	-
12100	-1	false	d	x	A	false	array_in	array_out	array_recv	array_send	-	-	array_typanalyze	array_subscript_handler
12101	-1	false	d	x	C	false	record_in	record_out	record_recv	record_send	-	-	-	-
12105	-1	false	d	x	A	false	array_in	array_out	array_recv	array_send	-	-	array_typanalyze	array_subscript_handler
12106	-1	false	d	x	C	false	record_in	record_out	record_recv	record_send	-	-	-	-
12111	-1	false	d	x	A	false	array_in	array_out	array_recv	array_send	-	-	array_typanalyze	array_subscript_handler
12112	-1	false	d	x	C	false	record_in	record_out	record_recv	record_send	-	-	-	-
12115	-1	false	d	x	A	false	array_in	array_out	array_recv	array_send	-	-	array_typanalyze	array_subscript_handler
12116	-1	false	d	x	C	false	record_in	record_out	record_recv	record_send	-	-	-	-
12119	-1	false	d	x	A	false	array_in	array_out	array_recv	array_send	-	-	array_typanalyze	array_subscript_handler
12120	-1	false	d	x	C	false	record_in	record_out	record_recv	record_send	-	-	-	-
12123	-1	false	d	x	A	false	array_in	array_out	array_recv	array_send	-	-	array_typanalyze	array_subscript_handler
12124	-1	false	d	x	C	false	record_in	record_out	record_recv	record_send	-	-	-	-
12127	-1	false	d	x	A	false	array_in	array_out	array_recv	array_send	-	-	array_typanalyze	array_subscript_handler
12128	-1	false	d	x	C	false	record_in	record_out	record_recv	record_send	-	-	-	-
12131	-1	false	d	x	A	false	array_in	array_out	array_recv	array_send	-	-	array_typanalyze	array_subscript_handler
12132	-1	false	d	x	C	false	record_in	record_out	record_recv	record_send	-	-	-	-
12135	-1	false	d	x	A	false	array_in	array_out	array_recv	array_send	-	-	array_typanalyze	array_subscript_handler
12136	-1	false	d	x	C	false	record_in	record_out	record_recv	record_send	-	-	-	-
12139	-1	false	d	x	A	false	array_in	array_out	array_recv	array_send	-	-	array_typanalyze	array_subscript_handler
12140	-1	false	d	x	C	false	record_in	record_out	record_recv	record_send	-	-	-	-
12143	-1	false	d	x	A	false	array_in	array_out	array_recv	array_send	-	-	array_typanalyze	array_subscript_handler
12144	-1	false	d	x	C	false	record_in	record_out	record_recv	record_send	-	-	-	-
12148	-1	false	d	x	A	false	array_in	array_out	array_recv	array_send	-	-	array_typanalyze	array_subscript_handler
12149	-1	false	d	x	C	false	record_in	record_out	record_recv	record_send	-	-	-	-
12153	-1	false	d	x	A	false	array_in	array_out	array_recv	array_send	-	-	array_typanalyze	array_subscript_handler
12154	-1	false	d	x	C	false	record_in	record_out	record_recv	record_send	-	-	-	-
12158	-1	false	d	x	A	false	array_in	array_out	array_recv	array_send	-	-	array_typanalyze	array_subscript_handler
12159	-1	false	d	x	C	false	record_in	record_out	record_recv	record_send	-	-	-	-
12162	-1	false	d	x	A	false	array_in	array_out	array_recv	array_send	-	-	array_typanalyze	array_subscript_handler
12163	-1	false	d	x	C	false	record_in	record_out	record_recv	record_send	-	-	-	-
12167	-1	false	d	x	A	false	array_in	array_out	array_recv	array_send	-	-	array_typanalyze	array_subscript_handler
12168	-1	false	d	x	C	false	record_in	record_out	record_recv	record_send	-	-	-	-
12171	-1	false	d	x	A	false	array_in	array_out	array_recv	array_send	-	-	array_typanalyze	array_subscript_handler
12172	-1	false	d	x	C	false	record_in	record_out	record_recv	record_send	-	-	-	-
12176	-1	false	d	x	A	false	array_in	array_out	array_recv	array_send	-	-	array_typanalyze	array_subscript_handler
12177	-1	false	d	x	C	false	record_in	record_out	record_recv	record_send	-	-	-	-
12180	-1	false	d	x	A	false	array_in	array_out	array_recv	array_send	-	-	array_typanalyze	array_subscript_handler
12181	-1	false	d	x	C	false	record_in	record_out	record_recv	record_send	-	-	-	-
12184	-1	false	d	x	A	false	array_in	array_out	array_recv	array_send	-	-	array_typanalyze	array_subscript_handler
12185	-1	false	d	x	C	false	record_in	record_out	record_recv	record_send	-	-	-	-
12189	-1	false	d	x	A	false	array_in	array_out	array_recv	array_send	-	-	array_typanalyze	array_subscript_handler
12190	-1	false	d	x	C	false	record_in	record_out	record_recv	record_send	-	-	-	-
12193	-1	false	d	x	A	false	array_in	array_out	array_recv	array_send	-	-	array_typanalyze	array_subscript_handler
12194	-1	false	d	x	C	false	record_in	record_out	record_recv	record_send	-	-	-	-
12197	-1	false	d	x	A	false	array_in	array_out	array_recv	array_send	-	-	array_typanalyze	array_subscript_handler
12198	-1	false	d	x	C	false	record_in	record_out	record_recv	record_send	-	-	-	-
12202	-1	false	d	x	A	false	array_in	array_out	array_recv	array_send	-	-	array_typanalyze	array_subscript_handler
12203	-1	false	d	x	C	false	record_in	record_out	record_recv	record_send	-	-	-	-
12206	-1	false	d	x	A	false	array_in	array_out	array_recv	array_send	-	-	array_typanalyze	array_subscript_handler
12207	-1	false	d	x	C	false	record_in	record_out	record_recv	record_send	-	-	-	-
12210	-1	false	d	x	A	false	array_in	array_out	array_recv	array_send	-	-	array_typanalyze	array_subscript_handler
12211	-1	false	d	x	C	false	record_in	record_out	record_recv	record_send	-	-	-	-
12215	-1	false	d	x	A	false	array_in	array_out	array_recv	array_send	-	-	array_typanalyze	array_subscript_handler
12216	-1	false	d	x	C	false	record_in	record_out	record_recv	record_send	-	-	-	-
12219	-1	false	d	x	A	false	array_in	array_out	array_recv	array_send	-	-	array_typanalyze	array_subscript_handler
12220	-1	false	d	x	C	false	record_in	record_out	record_recv	record_send	-	-	-	-
12223	-1	false	d	x	A	false	array_in	array_out	array_recv	array_send	-	-	array_typanalyze	array_subscript_handler
12224	-1	false	d	x	C	false	record_in	record_out	record_recv	record_send	-	-	-	-
12228	-1	false	d	x	A	false	array_in	array_out	array_recv	array_send	-	-	array_typanalyze	array_subscript_handler
12229	-1	false	d	x	C	false	record_in	record_out	record_recv	record_send	-	-	-	-
12233	-1	false	d	x	A	false	array_in	array_out	array_recv	array_send	-	-	array_typanalyze	array_subscript_handler
12234	-1	false	d	x	C	false	record_in	record_out	record_recv	record_send	-	-	-	-
12237	-1	false	d	x	A	false	array_in	array_out	array_recv	array_send	-	-	array_typanalyze	array_subscript_handler
12238	-1	false	d	x	C	false	record_in	record_out	record_recv	record_send	-	-	-	-
12241	-1	false	d	x	A	false	array_in	array_out	array_recv	array_send	-	-	array_typanalyze	array_subscript_handler
12242	-1	false	d	x	C	false	record_in	record_out	record_recv	record_send	-	-	-	-
12245	-1	false	d	x	A	false	array_in	array_out	array_recv	array_send	-	-	array_typanalyze	array_subscript_handler
12246	-1	false	d	x	C	false	record_in	record_out	record_recv	record_send	-	-	-	-
12250	-1	false	d	x	A	false	array_in	array_out	array_recv	array_send	-	-	array_typanalyze	array_subscript_handler
12251	-1	false	d	x	C	false	record_in	record_out	record_recv	record_send	-	-	-	-
12254	-1	false	d	x	A	false	array_in	array_out	array_recv	array_send	-	-	array_typanalyze	array_subscript_handler
12255	-1	false	d	x	C	false	record_in	record_out	record_recv	record_send	-	-	-	-
12258	-1	false	d	x	A	false	array_in	array_out	array_recv	array_send	-	-	array_typanalyze	array_subscript_handler
12259	-1	false	d	x	C	false	record_in	record_out	record_recv	record_send	-	-	-	-
12263	-1	false	d	x	A	false	array_in	array_out	array_recv	array_send	-	-	array_typanalyze	array_subscript_handler
12264	-1	false	d	x	C	false	record_in	record_out	record_recv	record_send	-	-	-	-
12267	-1	false	d	x	A	false	array_in	array_out	array_recv	array_send	-	-	array_typanalyze	array_subscript_handler
12268	-1	false	d	x	C	false	record_in	record_out	record_recv	record_send	-	-	-	-
12272	-1	false	d	x	A	false	array_in	array_out	array_recv	array_send	-	-	array_typanalyze	array_subscript_handler
12273	-1	false	d	x	C	false	record_in	record_out	record_recv	record_send	-	-	-	-
12276	-1	false	d	x	A	false	array_in	array_out	array_recv	array_send	-	-	array_typanalyze	array_subscript_handler
12277	-1	false	d	x	C	false	record_in	record_out	record_recv	record_send	-	-	-	-
12281	-1	false	d	x	A	false	array_in	array_out	array_recv	array_send	-	-	array_typanalyze	array_subscript_handler
12282	-1	false	d	x	C	false	record_in	record_out	record_recv	record_send	-	-	-	-
12286	-1	false	d	x	A	false	array_in	array_out	array_recv	array_send	-	-	array_typanalyze	array_subscript_handler
12287	-1	false	d	x	C	false	record_in	record_out	record_recv	record_send	-	-	-	-
12290	-1	false	d	x	A	false	array_in	array_out	array_recv	array_send	-	-	array_typanalyze	array_subscript_handler
12291	-1	false	d	x	C	false	record_in	record_out	record_recv	record_send	-	-	-	-
12294	-1	false	d	x	A	false	array_in	array_out	array_recv	array_send	-	-	array_typanalyze	array_subscript_handler
12295	-1	false	d	x	C	false	record_in	record_out	record_recv	record_send	-	-	-	-
12298	-1	false	d	x	A	false	array_in	array_out	array_recv	array_send	-	-	array_typanalyze	array_subscript_handler
12299	-1	false	d	x	C	false	record_in	record_out	record_recv	record_send	-	-	-	-
12303	-1	false	d	x	A	false	array_in	array_out	array_recv	array_send	-	-	array_typanalyze	array_subscript_handler
12304	-1	false	d	x	C	false	record_in	record_out	record_recv	record_send	-	-	-	-
12308	-1	false	d	x	A	false	array_in	array_out	array_recv	array_send	-	-	array_typanalyze	array_subscript_handler
12309	-1	false	d	x	C	false	record_in	record_out	record_recv	record_send	-	-	-	-
12313	-1	false	d	x	A	false	array_in	array_out	array_recv	array_send	-	-	array_typanalyze	array_subscript_handler
12314	-1	false	d	x	C	false	record_in	record_out	record_recv	record_send	-	-	-	-
12318	-1	false	d	x	A	false	array_in	array_out	array_recv	array_send	-	-	array_typanalyze	array_subscript_handler
12319	-1	false	d	x	C	false	record_in	record_out	record_recv	record_send	-	-	-	-
12323	-1	false	d	x	A	false	array_in	array_out	array_recv	array_send	-	-	array_typanalyze	array_subscript_handler
12324	-1	false	d	x	C	false	record_in	record_out	record_recv	record_send	-	-	-	-
12328	-1	false	d	x	A	false	array_in	array_out	array_recv	array_send	-	-	array_typanalyze	array_subscript_handler
12329	-1	false	d	x	C	false	record_in	record_out	record_recv	record_send	-	-	-	-
12333	-1	false	d	x	A	false	array_in	array_out	array_recv	array_send	-	-	array_typanalyze	array_subscript_handler
12334	-1	false	d	x	C	false	record_in	record_out	record_recv	record_send	-	-	-	-
12337	-1	false	d	x	A	false	array_in	array_out	array_recv	array_send	-	-	array_typanalyze	array_subscript_handler
12338	-1	false	d	x	C	false	record_in	record_out	record_recv	record_send	-	-	-	-
