_record	P	0
aclitem	U	0
aclitem[]	A	0
any	P	0
anyarray	P	0
anycompatible	P	0
anycompatiblearray	P	0
anycompatiblemultirange	P	0
anycompatiblenonarray	P	0
anycompatiblerange	P	0
anyelement	P	0
anyenum	P	0
anymultirange	P	0
anynonarray	P	0
anyrange	P	0
bit	V	0
bit[]	A	0
bool	B	1
bool[]	A	0
box	G	0
box[]	A	0
bpchar	S	0
bpchar[]	A	0
bytea	U	0
bytea[]	A	0
char	Z	0
char[]	A	0
cid	U	0
cid[]	A	0
cidr	I	0
cidr[]	A	0
circle	G	0
circle[]	A	0
cstring	P	0
cstring[]	A	0
date	D	0
date[]	A	0
datemultirange	R	0
datemultirange[]	A	0
daterange	R	0
daterange[]	A	0
event_trigger	P	0
fdw_handler	P	0
float4	N	0
float4[]	A	0
float8	N	1
float8[]	A	0
gtsvector	U	0
gtsvector[]	A	0
index_am_handler	P	0
inet	I	1
inet[]	A	0
int2	N	0
int2[]	A	0
int2[]	A	0
int2vector[]	A	0
int4	N	0
int4[]	A	0
int4multirange	R	0
int4multirange[]	A	0
int4range	R	0
int4range[]	A	0
int8	N	0
int8[]	A	0
int8multirange	R	0
int8multirange[]	A	0
int8range	R	0
int8range[]	A	0
internal	P	0
interval	T	1
interval[]	A	0
json	U	0
json[]	A	0
jsonb	U	0
jsonb[]	A	0
jsonpath	U	0
jsonpath[]	A	0
language_handler	P	0
line	G	0
line[]	A	0
lseg	G	0
lseg[]	A	0
macaddr	U	0
macaddr8	U	0
macaddr8[]	A	0
macaddr[]	A	0
money	N	0
money[]	A	0
name	S	0
name[]	A	0
numeric	N	0
numeric[]	A	0
nummultirange	R	0
nummultirange[]	A	0
numrange	R	0
numrange[]	A	0
oid	N	1
oid[]	A	0
oid[]	A	0
oidvector[]	A	0
path	G	0
path[]	A	0
pg_aggregate[]	A	0
pg_am[]	A	0
pg_amop[]	A	0
pg_amproc[]	A	0
pg_attrdef[]	A	0
pg_attribute[]	A	0
pg_auth_members[]	A	0
pg_authid[]	A	0
pg_available_extension_versions[]	A	0
pg_available_extensions[]	A	0
pg_backend_memory_contexts[]	A	0
pg_brin_bloom_summary	Z	0
pg_brin_minmax_multi_summary	Z	0
pg_cast[]	A	0
pg_class[]	A	0
pg_collation[]	A	0
pg_config[]	A	0
pg_constraint[]	A	0
pg_conversion[]	A	0
pg_cursors[]	A	0
pg_database[]	A	0
pg_db_role_setting[]	A	0
pg_ddl_command	P	0
pg_default_acl[]	A	0
pg_depend[]	A	0
pg_dependencies	Z	0
pg_description[]	A	0
pg_enum[]	A	0
pg_event_trigger[]	A	0
pg_extension[]	A	0
pg_file_settings[]	A	0
pg_foreign_data_wrapper[]	A	0
pg_foreign_server[]	A	0
pg_foreign_table[]	A	0
pg_group[]	A	0
pg_hba_file_rules[]	A	0
pg_ident_file_mappings[]	A	0
pg_index[]	A	0
pg_indexes[]	A	0
pg_inherits[]	A	0
pg_init_privs[]	A	0
pg_language[]	A	0
pg_largeobject[]	A	0
pg_largeobject_metadata[]	A	0
pg_locks[]	A	0
pg_lsn	U	0
pg_lsn[]	A	0
pg_matviews[]	A	0
pg_mcv_list	Z	0
pg_namespace[]	A	0
pg_ndistinct	Z	0
pg_node_tree	Z	0
pg_opclass[]	A	0
pg_operator[]	A	0
pg_opfamily[]	A	0
pg_parameter_acl[]	A	0
pg_partitioned_table[]	A	0
pg_policies[]	A	0
pg_policy[]	A	0
pg_prepared_statements[]	A	0
pg_prepared_xacts[]	A	0
pg_proc[]	A	0
pg_publication[]	A	0
pg_publication_namespace[]	A	0
pg_publication_rel[]	A	0
pg_publication_tables[]	A	0
pg_range[]	A	0
pg_replication_origin[]	A	0
pg_replication_origin_status[]	A	0
pg_replication_slots[]	A	0
pg_rewrite[]	A	0
pg_roles[]	A	0
pg_rules[]	A	0
pg_seclabel[]	A	0
pg_seclabels[]	A	0
pg_sequence[]	A	0
pg_sequences[]	A	0
pg_settings[]	A	0
pg_shadow[]	A	0
pg_shdepend[]	A	0
pg_shdescription[]	A	0
pg_shmem_allocations[]	A	0
pg_shseclabel[]	A	0
pg_snapshot	U	0
pg_snapshot[]	A	0
pg_stat_activity[]	A	0
pg_stat_all_indexes[]	A	0
pg_stat_all_tables[]	A	0
pg_stat_archiver[]	A	0
pg_stat_bgwriter[]	A	0
pg_stat_database[]	A	0
pg_stat_database_conflicts[]	A	0
pg_stat_gssapi[]	A	0
pg_stat_progress_analyze[]	A	0
pg_stat_progress_basebackup[]	A	0
pg_stat_progress_cluster[]	A	0
pg_stat_progress_copy[]	A	0
pg_stat_progress_create_index[]	A	0
pg_stat_progress_vacuum[]	A	0
pg_stat_recovery_prefetch[]	A	0
pg_stat_replication[]	A	0
pg_stat_replication_slots[]	A	0
pg_stat_slru[]	A	0
pg_stat_ssl[]	A	0
pg_stat_subscription[]	A	0
pg_stat_subscription_stats[]	A	0
pg_stat_sys_indexes[]	A	0
pg_stat_sys_tables[]	A	0
pg_stat_user_functions[]	A	0
pg_stat_user_indexes[]	A	0
pg_stat_user_tables[]	A	0
pg_stat_wal[]	A	0
pg_stat_wal_receiver[]	A	0
pg_stat_xact_all_tables[]	A	0
pg_stat_xact_sys_tables[]	A	0
pg_stat_xact_user_functions[]	A	0
pg_stat_xact_user_tables[]	A	0
pg_statio_all_indexes[]	A	0
pg_statio_all_sequences[]	A	0
pg_statio_all_tables[]	A	0
pg_statio_sys_indexes[]	A	0
pg_statio_sys_sequences[]	A	0
pg_statio_sys_tables[]	A	0
pg_statio_user_indexes[]	A	0
pg_statio_user_sequences[]	A	0
pg_statio_user_tables[]	A	0
pg_statistic[]	A	0
pg_statistic_ext[]	A	0
pg_statistic_ext_data[]	A	0
pg_stats[]	A	0
pg_stats_ext[]	A	0
pg_stats_ext_exprs[]	A	0
pg_subscription[]	A	0
pg_subscription_rel[]	A	0
pg_tables[]	A	0
pg_tablespace[]	A	0
pg_timezone_abbrevs[]	A	0
pg_timezone_names[]	A	0
pg_transform[]	A	0
pg_trigger[]	A	0
pg_ts_config[]	A	0
pg_ts_config_map[]	A	0
pg_ts_dict[]	A	0
pg_ts_parser[]	A	0
pg_ts_template[]	A	0
pg_type[]	A	0
pg_user[]	A	0
pg_user_mapping[]	A	0
pg_user_mappings[]	A	0
pg_views[]	A	0
point	G	0
point[]	A	0
polygon	G	0
polygon[]	A	0
record	P	0
refcursor	U	0
refcursor[]	A	0
regclass	N	0
regclass[]	A	0
regcollation	N	0
regcollation[]	A	0
regconfig	N	0
regconfig[]	A	0
regdictionary	N	0
regdictionary[]	A	0
regnamespace	N	0
regnamespace[]	A	0
regoper	N	0
regoper[]	A	0
regoperator	N	0
regoperator[]	A	0
regproc	N	0
regproc[]	A	0
regprocedure	N	0
regprocedure[]	A	0
regrole	N	0
regrole[]	A	0
regtype	N	0
regtype[]	A	0
table_am_handler	P	0
text	S	1
text[]	A	0
tid	U	0
tid[]	A	0
time	D	0
time[]	A	0
timestamp	D	0
timestamp[]	A	0
timestamptz	D	1
timestamptz[]	A	0
timetz	D	0
timetz[]	A	0
trigger	P	0
tsm_handler	P	0
tsmultirange	R	0
tsmultirange[]	A	0
tsquery	U	0
tsquery[]	A	0
tsrange	R	0
tsrange[]	A	0
tstzmultirange	R	0
tstzmultirange[]	A	0
tstzrange	R	0
tstzrange[]	A	0
tsvector	U	0
tsvector[]	A	0
txid_snapshot	U	0
txid_snapshot[]	A	0
unknown	X	0
uuid	U	0
uuid[]	A	0
varbit	V	1
varbit[]	A	0
varchar	S	0
varchar[]	A	0
void	P	0
xid	U	0
xid8	U	0
xid8[]	A	0
xid[]	A	0
xml	U	0
xml[]	A	0
