112	oid	26	1	0	-1	0
113	oid	26	1	0	-1	0
174	oid	26	1	0	-1	0
175	umuser	26	1	0	-1	0
175	umserver	26	2	0	-1	0
548	fdwname	2275	1	0	-1	0
549	srvname	2275	1	0	-1	0
826	oid	26	1	1	-1	0
826	defaclrole	26	2	1	-1	0
826	defaclnamespace	26	3	1	-1	0
826	defaclobjtype	18	4	1	-1	0
826	defaclacl	1034	5	1	-1	0
827	defaclrole	26	1	0	-1	0
827	defaclnamespace	26	2	0	-1	0
827	defaclobjtype	18	3	0	-1	0
828	oid	26	1	0	-1	0
1213	oid	26	1	1	-1	0
1213	spcname	19	2	1	-1	0
1213	spcowner	26	3	1	-1	0
1213	spcacl	1034	4	0	-1	0
1213	spcoptions	1009	5	0	-1	0
1214	dbid	26	1	1	-1	0
1214	classid	26	2	1	-1	0
1214	objid	26	3	1	-1	0
1214	objsubid	23	4	1	-1	0
1214	refclassid	26	5	1	-1	0
1214	refobjid	26	6	1	-1	0
1214	deptype	18	7	1	-1	0
1232	dbid	26	1	0	-1	0
1232	classid	26	2	0	-1	0
1232	objid	26	3	0	-1	0
1232	objsubid	23	4	0	-1	0
1233	refclassid	26	1	0	-1	0
1233	refobjid	26	2	0	-1	0
1247	oid	26	1	1	-1	0
1247	typname	19	2	1	-1	0
1247	typnamespace	26	3	1	-1	0
1247	typowner	26	4	1	-1	0
1247	typlen	21	5	1	-1	0
1247	typbyval	16	6	1	-1	0
1247	typtype	18	7	1	-1	0
1247	typcategory	18	8	1	-1	0
1247	typispreferred	16	9	1	-1	0
1247	typisdefined	16	10	1	-1	0
1247	typdelim	18	11	1	-1	0
1247	typrelid	26	12	1	-1	0
1247	typsubscript	24	13	1	-1	0
1247	typelem	26	14	1	-1	0
1247	typarray	26	15	1	-1	0
1247	typinput	24	16	1	-1	0
1247	typoutput	24	17	1	-1	0
1247	typreceive	24	18	1	-1	0
1247	typsend	24	19	1	-1	0
1247	typmodin	24	20	1	-1	0
1247	typmodout	24	21	1	-1	0
1247	typanalyze	24	22	1	-1	0
1247	typalign	18	23	1	-1	0
1247	typstorage	18	24	1	-1	0
1247	typnotnull	16	25	1	-1	0
1247	typbasetype	26	26	1	-1	0
1247	typtypmod	23	27	1	-1	0
1247	typndims	23	28	1	-1	0
1247	typcollation	26	29	1	-1	0
1247	typdefaultbin	194	30	0	-1	0
1247	typdefault	25	31	0	-1	0
1247	typacl	1034	32	0	-1	0
1249	attrelid	26	1	1	-1	0
1249	attname	19	2	1	-1	0
1249	atttypid	26	3	1	-1	0
1249	attstattarget	23	4	1	-1	0
1249	attlen	21	5	1	-1	0
1249	attnum	21	6	1	-1	0
1249	attndims	23	7	1	-1	0
1249	attcacheoff	23	8	1	-1	0
1249	atttypmod	23	9	1	-1	0
1249	attbyval	16	10	1	-1	0
1249	attalign	18	11	1	-1	0
1249	attstorage	18	12	1	-1	0
1249	attcompression	18	13	1	-1	0
1249	attnotnull	16	14	1	-1	0
1249	atthasdef	16	15	1	-1	0
1249	atthasmissing	16	16	1	-1	0
1249	attidentity	18	17	1	-1	0
1249	attgenerated	18	18	1	-1	0
1249	attisdropped	16	19	1	-1	0
1249	attislocal	16	20	1	-1	0
1249	attinhcount	23	21	1	-1	0
1249	attcollation	26	22	1	-1	0
1249	attacl	1034	23	0	-1	0
1249	attoptions	1009	24	0	-1	0
1249	attfdwoptions	1009	25	0	-1	0
1249	attmissingval	2277	26	0	-1	0
1255	oid	26	1	1	-1	0
1255	proname	19	2	1	-1	0
1255	pronamespace	26	3	1	-1	0
1255	proowner	26	4	1	-1	0
1255	prolang	26	5	1	-1	0
1255	procost	700	6	1	-1	0
1255	prorows	700	7	1	-1	0
1255	provariadic	26	8	1	-1	0
1255	prosupport	24	9	1	-1	0
1255	prokind	18	10	1	-1	0
1255	prosecdef	16	11	1	-1	0
1255	proleakproof	16	12	1	-1	0
1255	proisstrict	16	13	1	-1	0
1255	proretset	16	14	1	-1	0
1255	provolatile	18	15	1	-1	0
1255	proparallel	18	16	1	-1	0
1255	pronargs	21	17	1	-1	0
1255	pronargdefaults	21	18	1	-1	0
1255	prorettype	26	19	1	-1	0
1255	proargtypes	30	20	1	-1	0
1255	proallargtypes	1028	21	0	-1	0
1255	proargmodes	1002	22	0	-1	0
1255	proargnames	1009	23	0	-1	0
1255	proargdefaults	194	24	0	-1	0
1255	protrftypes	1028	25	0	-1	0
1255	prosrc	25	26	1	-1	0
1255	probin	25	27	0	-1	0
1255	prosqlbody	194	28	0	-1	0
1255	proconfig	1009	29	0	-1	0
1255	proacl	1034	30	0	-1	0
1259	oid	26	1	1	-1	0
1259	relname	19	2	1	-1	0
1259	relnamespace	26	3	1	-1	0
1259	reltype	26	4	1	-1	0
1259	reloftype	26	5	1	-1	0
1259	relowner	26	6	1	-1	0
1259	relam	26	7	1	-1	0
1259	relfilenode	26	8	1	-1	0
1259	reltablespace	26	9	1	-1	0
1259	relpages	23	10	1	-1	0
1259	reltuples	700	11	1	-1	0
1259	relallvisible	23	12	1	-1	0
1259	reltoastrelid	26	13	1	-1	0
1259	relhasindex	16	14	1	-1	0
1259	relisshared	16	15	1	-1	0
1259	relpersistence	18	16	1	-1	0
1259	relkind	18	17	1	-1	0
1259	relnatts	21	18	1	-1	0
1259	relchecks	21	19	1	-1	0
1259	relhasrules	16	20	1	-1	0
1259	relhastriggers	16	21	1	-1	0
1259	relhassubclass	16	22	1	-1	0
1259	relrowsecurity	16	23	1	-1	0
1259	relforcerowsecurity	16	24	1	-1	0
1259	relispopulated	16	25	1	-1	0
1259	relreplident	18	26	1	-1	0
1259	relispartition	16	27	1	-1	0
1259	relrewrite	26	28	1	-1	0
1259	relfrozenxid	28	29	1	-1	0
1259	relminmxid	28	30	1	-1	0
1259	relacl	1034	31	0	-1	0
1259	reloptions	1009	32	0	-1	0
1259	relpartbound	194	33	0	-1	0
1260	oid	26	1	1	-1	0
1260	rolname	19	2	1	-1	0
1260	rolsuper	16	3	1	-1	0
1260	rolinherit	16	4	1	-1	0
1260	rolcreaterole	16	5	1	-1	0
1260	rolcreatedb	16	6	1	-1	0
1260	rolcanlogin	16	7	1	-1	0
1260	rolreplication	16	8	1	-1	0
1260	rolbypassrls	16	9	1	-1	0
1260	rolconnlimit	23	10	1	-1	0
1260	rolpassword	25	11	0	-1	0
1260	rolvaliduntil	1184	12	0	-1	0
1261	roleid	26	1	1	-1	0
1261	member	26	2	1	-1	0
1261	grantor	26	3	1	-1	0
1261	admin_option	16	4	1	-1	0
1262	oid	26	1	1	-1	0
1262	datname	19	2	1	-1	0
1262	datdba	26	3	1	-1	0
1262	encoding	23	4	1	-1	0
1262	datlocprovider	18	5	1	-1	0
1262	datistemplate	16	6	1	-1	0
1262	datallowconn	16	7	1	-1	0
1262	datconnlimit	23	8	1	-1	0
1262	datfrozenxid	28	9	1	-1	0
1262	datminmxid	28	10	1	-1	0
1262	dattablespace	26	11	1	-1	0
1262	datcollate	25	12	1	-1	0
1262	datctype	25	13	1	-1	0
1262	daticulocale	25	14	0	-1	0
1262	datcollversion	25	15	0	-1	0
1262	datacl	1034	16	0	-1	0
1417	oid	26	1	1	-1	0
1417	srvname	19	2	1	-1	0
1417	srvowner	26	3	1	-1	0
1417	srvfdw	26	4	1	-1	0
1417	srvtype	25	5	0	-1	0
1417	srvversion	25	6	0	-1	0
1417	srvacl	1034	7	0	-1	0
1417	srvoptions	1009	8	0	-1	0
1418	oid	26	1	1	-1	0
1418	umuser	26	2	1	-1	0
1418	umserver	26	3	1	-1	0
1418	umoptions	1009	4	0	-1	0
2187	inhparent	26	1	0	-1	0
2224	seqrelid	26	1	1	-1	0
2224	seqtypid	26	2	1	-1	0
2224	seqstart	20	3	1	-1	0
2224	seqincrement	20	4	1	-1	0
2224	seqmax	20	5	1	-1	0
2224	seqmin	20	6	1	-1	0
2224	seqcache	20	7	1	-1	0
2224	seqcycle	16	8	1	-1	0
2228	rngmultitypid	26	1	0	-1	0
2328	oid	26	1	1	-1	0
2328	fdwname	19	2	1	-1	0
2328	fdwowner	26	3	1	-1	0
2328	fdwhandler	26	4	1	-1	0
2328	fdwvalidator	26	5	1	-1	0
2328	fdwacl	1034	6	0	-1	0
2328	fdwoptions	1009	7	0	-1	0
2336	chunk_id	26	1	0	-1	0
2336	chunk_seq	23	2	0	-1	0
2336	chunk_data	17	3	0	-1	0
2337	chunk_id	26	1	0	-1	0
2337	chunk_seq	23	2	0	-1	0
2396	objoid	26	1	1	-1	0
2396	classoid	26	2	1	-1	0
2396	description	25	3	1	-1	0
2397	objoid	26	1	0	-1	0
2397	classoid	26	2	0	-1	0
2579	conparentid	26	1	0	-1	0
2600	aggfnoid	24	1	1	-1	0
2600	aggkind	18	2	1	-1	0
2600	aggnumdirectargs	21	3	1	-1	0
2600	aggtransfn	24	4	1	-1	0
2600	aggfinalfn	24	5	1	-1	0
2600	aggcombinefn	24	6	1	-1	0
2600	aggserialfn	24	7	1	-1	0
2600	aggdeserialfn	24	8	1	-1	0
2600	aggmtransfn	24	9	1	-1	0
2600	aggminvtransfn	24	10	1	-1	0
2600	aggmfinalfn	24	11	1	-1	0
2600	aggfinalextra	16	12	1	-1	0
2600	aggmfinalextra	16	13	1	-1	0
2600	aggfinalmodify	18	14	1	-1	0
2600	aggmfinalmodify	18	15	1	-1	0
2600	aggsortop	26	16	1	-1	0
2600	aggtranstype	26	17	1	-1	0
2600	aggtransspace	23	18	1	-1	0
2600	aggmtranstype	26	19	1	-1	0
2600	aggmtransspace	23	20	1	-1	0
2600	agginitval	25	21	0	-1	0
2600	aggminitval	25	22	0	-1	0
2601	oid	26	1	1	-1	0
2601	amname	19	2	1	-1	0
2601	amhandler	24	3	1	-1	0
2601	amtype	18	4	1	-1	0
2602	oid	26	1	1	-1	0
2602	amopfamily	26	2	1	-1	0
2602	amoplefttype	26	3	1	-1	0
2602	amoprighttype	26	4	1	-1	0
2602	amopstrategy	21	5	1	-1	0
2602	amoppurpose	18	6	1	-1	0
2602	amopopr	26	7	1	-1	0
2602	amopmethod	26	8	1	-1	0
2602	amopsortfamily	26	9	1	-1	0
2603	oid	26	1	1	-1	0
2603	amprocfamily	26	2	1	-1	0
2603	amproclefttype	26	3	1	-1	0
2603	amprocrighttype	26	4	1	-1	0
2603	amprocnum	21	5	1	-1	0
2603	amproc	24	6	1	-1	0
2604	oid	26	1	1	-1	0
2604	adrelid	26	2	1	-1	0
2604	adnum	21	3	1	-1	0
2604	adbin	194	4	1	-1	0
2605	oid	26	1	1	-1	0
2605	castsource	26	2	1	-1	0
2605	casttarget	26	3	1	-1	0
2605	castfunc	26	4	1	-1	0
2605	castcontext	18	5	1	-1	0
2605	castmethod	18	6	1	-1	0
2606	oid	26	1	1	-1	0
2606	conname	19	2	1	-1	0
2606	connamespace	26	3	1	-1	0
2606	contype	18	4	1	-1	0
2606	condeferrable	16	5	1	-1	0
2606	condeferred	16	6	1	-1	0
2606	convalidated	16	7	1	-1	0
2606	conrelid	26	8	1	-1	0
2606	contypid	26	9	1	-1	0
2606	conindid	26	10	1	-1	0
2606	conparentid	26	11	1	-1	0
2606	confrelid	26	12	1	-1	0
2606	confupdtype	18	13	1	-1	0
2606	confdeltype	18	14	1	-1	0
2606	confmatchtype	18	15	1	-1	0
2606	conislocal	16	16	1	-1	0
2606	coninhcount	23	17	1	-1	0
2606	connoinherit	16	18	1	-1	0
2606	conkey	1005	19	0	-1	0
2606	confkey	1005	20	0	-1	0
2606	conpfeqop	1028	21	0	-1	0
2606	conppeqop	1028	22	0	-1	0
2606	conffeqop	1028	23	0	-1	0
2606	confdelsetcols	1005	24	0	-1	0
2606	conexclop	1028	25	0	-1	0
2606	conbin	194	26	0	-1	0
2607	oid	26	1	1	-1	0
2607	conname	19	2	1	-1	0
2607	connamespace	26	3	1	-1	0
2607	conowner	26	4	1	-1	0
2607	conforencoding	23	5	1	-1	0
2607	contoencoding	23	6	1	-1	0
2607	conproc	24	7	1	-1	0
2607	condefault	16	8	1	-1	0
2608	classid	26	1	1	-1	0
2608	objid	26	2	1	-1	0
2608	objsubid	23	3	1	-1	0
2608	refclassid	26	4	1	-1	0
2608	refobjid	26	5	1	-1	0
2608	refobjsubid	23	6	1	-1	0
2608	deptype	18	7	1	-1	0
2609	objoid	26	1	1	-1	0
2609	classoid	26	2	1	-1	0
2609	objsubid	23	3	1	-1	0
2609	description	25	4	1	-1	0
2610	indexrelid	26	1	1	-1	0
2610	indrelid	26	2	1	-1	0
2610	indnatts	21	3	1	-1	0
2610	indnkeyatts	21	4	1	-1	0
2610	indisunique	16	5	1	-1	0
2610	indnullsnotdistinct	16	6	1	-1	0
2610	indisprimary	16	7	1	-1	0
2610	indisexclusion	16	8	1	-1	0
2610	indimmediate	16	9	1	-1	0
2610	indisclustered	16	10	1	-1	0
2610	indisvalid	16	11	1	-1	0
2610	indcheckxmin	16	12	1	-1	0
2610	indisready	16	13	1	-1	0
2610	indislive	16	14	1	-1	0
2610	indisreplident	16	15	1	-1	0
2610	indkey	22	16	1	-1	0
2610	indcollation	30	17	1	-1	0
2610	indclass	30	18	1	-1	0
2610	indoption	22	19	1	-1	0
2610	indexprs	194	20	0	-1	0
2610	indpred	194	21	0	-1	0
2611	inhrelid	26	1	1	-1	0
2611	inhparent	26	2	1	-1	0
2611	inhseqno	23	3	1	-1	0
2611	inhdetachpending	16	4	1	-1	0
2612	oid	26	1	1	-1	0
2612	lanname	19	2	1	-1	0
2612	lanowner	26	3	1	-1	0
2612	lanispl	16	4	1	-1	0
2612	lanpltrusted	16	5	1	-1	0
2612	lanplcallfoid	26	6	1	-1	0
2612	laninline	26	7	1	-1	0
2612	lanvalidator	26	8	1	-1	0
2612	lanacl	1034	9	0	-1	0
2613	loid	26	1	1	-1	0
2613	pageno	23	2	1	-1	0
2613	data	17	3	1	-1	0
2615	oid	26	1	1	-1	0
2615	nspname	19	2	1	-1	0
2615	nspowner	26	3	1	-1	0
2615	nspacl	1034	4	0	-1	0
2616	oid	26	1	1	-1	0
2616	opcmethod	26	2	1	-1	0
2616	opcname	19	3	1	-1	0
2616	opcnamespace	26	4	1	-1	0
2616	opcowner	26	5	1	-1	0
2616	opcfamily	26	6	1	-1	0
2616	opcintype	26	7	1	-1	0
2616	opcdefault	16	8	1	-1	0
2616	opckeytype	26	9	1	-1	0
2617	oid	26	1	1	-1	0
2617	oprname	19	2	1	-1	0
2617	oprnamespace	26	3	1	-1	0
2617	oprowner	26	4	1	-1	0
2617	oprkind	18	5	1	-1	0
2617	oprcanmerge	16	6	1	-1	0
2617	oprcanhash	16	7	1	-1	0
2617	oprleft	26	8	1	-1	0
2617	oprright	26	9	1	-1	0
2617	oprresult	26	10	1	-1	0
2617	oprcom	26	11	1	-1	0
2617	oprnegate	26	12	1	-1	0
2617	oprcode	24	13	1	-1	0
2617	oprrest	24	14	1	-1	0
2617	oprjoin	24	15	1	-1	0
2618	oid	26	1	1	-1	0
2618	rulename	19	2	1	-1	0
2618	ev_class	26	3	1	-1	0
2618	ev_type	18	4	1	-1	0
2618	ev_enabled	18	5	1	-1	0
2618	is_instead	16	6	1	-1	0
2618	ev_qual	194	7	1	-1	0
2618	ev_action	194	8	1	-1	0
2619	starelid	26	1	1	-1	0
2619	staattnum	21	2	1	-1	0
2619	stainherit	16	3	1	-1	0
2619	stanullfrac	700	4	1	-1	0
2619	stawidth	23	5	1	-1	0
2619	stadistinct	700	6	1	-1	0
2619	stakind1	21	7	1	-1	0
2619	stakind2	21	8	1	-1	0
2619	stakind3	21	9	1	-1	0
2619	stakind4	21	10	1	-1	0
2619	stakind5	21	11	1	-1	0
2619	staop1	26	12	1	-1	0
2619	staop2	26	13	1	-1	0
2619	staop3	26	14	1	-1	0
2619	staop4	26	15	1	-1	0
2619	staop5	26	16	1	-1	0
2619	stacoll1	26	17	1	-1	0
2619	stacoll2	26	18	1	-1	0
2619	stacoll3	26	19	1	-1	0
2619	stacoll4	26	20	1	-1	0
2619	stacoll5	26	21	1	-1	0
2619	stanumbers1	1021	22	0	-1	0
2619	stanumbers2	1021	23	0	-1	0
2619	stanumbers3	1021	24	0	-1	0
2619	stanumbers4	1021	25	0	-1	0
2619	stanumbers5	1021	26	0	-1	0
2619	stavalues1	2277	27	0	-1	0
2619	stavalues2	2277	28	0	-1	0
2619	stavalues3	2277	29	0	-1	0
2619	stavalues4	2277	30	0	-1	0
2619	stavalues5	2277	31	0	-1	0
2620	oid	26	1	1	-1	0
2620	tgrelid	26	2	1	-1	0
2620	tgparentid	26	3	1	-1	0
2620	tgname	19	4	1	-1	0
2620	tgfoid	26	5	1	-1	0
2620	tgtype	21	6	1	-1	0
2620	tgenabled	18	7	1	-1	0
2620	tgisinternal	16	8	1	-1	0
2620	tgconstrrelid	26	9	1	-1	0
2620	tgconstrindid	26	10	1	-1	0
2620	tgconstraint	26	11	1	-1	0
2620	tgdeferrable	16	12	1	-1	0
2620	tginitdeferred	16	13	1	-1	0
2620	tgnargs	21	14	1	-1	0
2620	tgattr	22	15	1	-1	0
2620	tgargs	17	16	1	-1	0
2620	tgqual	194	17	0	-1	0
2620	tgoldtable	19	18	0	-1	0
2620	tgnewtable	19	19	0	-1	0
2650	aggfnoid	24	1	0	-1	0
2651	amname	2275	1	0	-1	0
2652	oid	26	1	0	-1	0
2653	amopfamily	26	1	0	-1	0
2653	amoplefttype	26	2	0	-1	0
2653	amoprighttype	26	3	0	-1	0
2653	amopstrategy	21	4	0	-1	0
2654	amopopr	26	1	0	-1	0
2654	amoppurpose	18	2	0	-1	0
2654	amopfamily	26	3	0	-1	0
2655	amprocfamily	26	1	0	-1	0
2655	amproclefttype	26	2	0	-1	0
2655	amprocrighttype	26	3	0	-1	0
2655	amprocnum	21	4	0	-1	0
2656	adrelid	26	1	0	-1	0
2656	adnum	21	2	0	-1	0
2657	oid	26	1	0	-1	0
2658	attrelid	26	1	0	-1	0
2658	attname	2275	2	0	-1	0
2659	attrelid	26	1	0	-1	0
2659	attnum	21	2	0	-1	0
2660	oid	26	1	0	-1	0
2661	castsource	26	1	0	-1	0
2661	casttarget	26	2	0	-1	0
2662	oid	26	1	0	-1	0
2663	relname	2275	1	0	-1	0
2663	relnamespace	26	2	0	-1	0
2664	conname	2275	1	0	-1	0
2664	connamespace	26	2	0	-1	0
2665	conrelid	26	1	0	-1	0
2665	contypid	26	2	0	-1	0
2665	conname	2275	3	0	-1	0
2666	contypid	26	1	0	-1	0
2667	oid	26	1	0	-1	0
2668	connamespace	26	1	0	-1	0
2668	conforencoding	23	2	0	-1	0
2668	contoencoding	23	3	0	-1	0
2668	oid	26	4	0	-1	0
2669	conname	2275	1	0	-1	0
2669	connamespace	26	2	0	-1	0
2670	oid	26	1	0	-1	0
2671	datname	2275	1	0	-1	0
2672	oid	26	1	0	-1	0
2673	classid	26	1	0	-1	0
2673	objid	26	2	0	-1	0
2673	objsubid	23	3	0	-1	0
2674	refclassid	26	1	0	-1	0
2674	refobjid	26	2	0	-1	0
2674	refobjsubid	23	3	0	-1	0
2675	objoid	26	1	0	-1	0
2675	classoid	26	2	0	-1	0
2675	objsubid	23	3	0	-1	0
2676	rolname	2275	1	0	-1	0
2677	oid	26	1	0	-1	0
2678	indrelid	26	1	0	-1	0
2679	indexrelid	26	1	0	-1	0
2680	inhrelid	26	1	0	-1	0
2680	inhseqno	23	2	0	-1	0
2681	lanname	2275	1	0	-1	0
2682	oid	26	1	0	-1	0
2683	loid	26	1	0	-1	0
2683	pageno	23	2	0	-1	0
2684	nspname	2275	1	0	-1	0
2685	oid	26	1	0	-1	0
2686	opcmethod	26	1	0	-1	0
2686	opcname	2275	2	0	-1	0
2686	opcnamespace	26	3	0	-1	0
2687	oid	26	1	0	-1	0
2688	oid	26	1	0	-1	0
2689	oprname	2275	1	0	-1	0
2689	oprleft	26	2	0	-1	0
2689	oprright	26	3	0	-1	0
2689	oprnamespace	26	4	0	-1	0
2690	oid	26	1	0	-1	0
2691	proname	2275	1	0	-1	0
2691	proargtypes	30	2	0	-1	0
2691	pronamespace	26	3	0	-1	0
2692	oid	26	1	0	-1	0
2693	ev_class	26	1	0	-1	0
2693	rulename	2275	2	0	-1	0
2694	roleid	26	1	0	-1	0
2694	member	26	2	0	-1	0
2695	member	26	1	0	-1	0
2695	roleid	26	2	0	-1	0
2696	starelid	26	1	0	-1	0
2696	staattnum	21	2	0	-1	0
2696	stainherit	16	3	0	-1	0
2697	oid	26	1	0	-1	0
2698	spcname	2275	1	0	-1	0
2699	tgconstraint	26	1	0	-1	0
2701	tgrelid	26	1	0	-1	0
2701	tgname	2275	2	0	-1	0
2702	oid	26	1	0	-1	0
2703	oid	26	1	0	-1	0
2704	typname	2275	1	0	-1	0
2704	typnamespace	26	2	0	-1	0
2753	oid	26	1	1	-1	0
2753	opfmethod	26	2	1	-1	0
2753	opfname	19	3	1	-1	0
2753	opfnamespace	26	4	1	-1	0
2753	opfowner	26	5	1	-1	0
2754	opfmethod	26	1	0	-1	0
2754	opfname	2275	2	0	-1	0
2754	opfnamespace	26	3	0	-1	0
2755	oid	26	1	0	-1	0
2756	oid	26	1	0	-1	0
2757	oid	26	1	0	-1	0
2830	chunk_id	26	1	0	-1	0
2830	chunk_seq	23	2	0	-1	0
2830	chunk_data	17	3	0	-1	0
2831	chunk_id	26	1	0	-1	0
2831	chunk_seq	23	2	0	-1	0
2832	chunk_id	26	1	0	-1	0
2832	chunk_seq	23	2	0	-1	0
2832	chunk_data	17	3	0	-1	0
2833	chunk_id	26	1	0	-1	0
2833	chunk_seq	23	2	0	-1	0
2834	chunk_id	26	1	0	-1	0
2834	chunk_seq	23	2	0	-1	0
2834	chunk_data	17	3	0	-1	0
2835	chunk_id	26	1	0	-1	0
2835	chunk_seq	23	2	0	-1	0
2836	chunk_id	26	1	0	-1	0
2836	chunk_seq	23	2	0	-1	0
2836	chunk_data	17	3	0	-1	0
2837	chunk_id	26	1	0	-1	0
2837	chunk_seq	23	2	0	-1	0
2838	chunk_id	26	1	0	-1	0
2838	chunk_seq	23	2	0	-1	0
2838	chunk_data	17	3	0	-1	0
2839	chunk_id	26	1	0	-1	0
2839	chunk_seq	23	2	0	-1	0
2840	chunk_id	26	1	0	-1	0
2840	chunk_seq	23	2	0	-1	0
2840	chunk_data	17	3	0	-1	0
2841	chunk_id	26	1	0	-1	0
2841	chunk_seq	23	2	0	-1	0
2846	chunk_id	26	1	0	-1	0
2846	chunk_seq	23	2	0	-1	0
2846	chunk_data	17	3	0	-1	0
2847	chunk_id	26	1	0	-1	0
2847	chunk_seq	23	2	0	-1	0
2964	setdatabase	26	1	1	-1	0
2964	setrole	26	2	1	-1	0
2964	setconfig	1009	3	0	-1	0
2965	setdatabase	26	1	0	-1	0
2965	setrole	26	2	0	-1	0
2966	chunk_id	26	1	0	-1	0
2966	chunk_seq	23	2	0	-1	0
2966	chunk_data	17	3	0	-1	0
2967	chunk_id	26	1	0	-1	0
2967	chunk_seq	23	2	0	-1	0
2995	oid	26	1	1	-1	0
2995	lomowner	26	2	1	-1	0
2995	lomacl	1034	3	0	-1	0
2996	oid	26	1	0	-1	0
3079	oid	26	1	1	-1	0
3079	extname	19	2	1	-1	0
3079	extowner	26	3	1	-1	0
3079	extnamespace	26	4	1	-1	0
3079	extrelocatable	16	5	1	-1	0
3079	extversion	25	6	1	-1	0
3079	extconfig	1028	7	0	-1	0
3079	extcondition	1009	8	0	-1	0
3080	oid	26	1	0	-1	0
3081	extname	2275	1	0	-1	0
3085	oid	26	1	0	-1	0
3118	ftrelid	26	1	1	-1	0
3118	ftserver	26	2	1	-1	0
3118	ftoptions	1009	3	0	-1	0
3119	ftrelid	26	1	0	-1	0
3164	collname	2275	1	0	-1	0
3164	collencoding	23	2	0	-1	0
3164	collnamespace	26	3	0	-1	0
3256	oid	26	1	1	-1	0
3256	polname	19	2	1	-1	0
3256	polrelid	26	3	1	-1	0
3256	polcmd	18	4	1	-1	0
3256	polpermissive	16	5	1	-1	0
3256	polroles	1028	6	1	-1	0
3256	polqual	194	7	0	-1	0
3256	polwithcheck	194	8	0	-1	0
3257	oid	26	1	0	-1	0
3258	polrelid	26	1	0	-1	0
3258	polname	2275	2	0	-1	0
3350	partrelid	26	1	1	-1	0
3350	partstrat	18	2	1	-1	0
3350	partnatts	21	3	1	-1	0
3350	partdefid	26	4	1	-1	0
3350	partattrs	22	5	1	-1	0
3350	partclass	30	6	1	-1	0
3350	partcollation	30	7	1	-1	0
3350	partexprs	194	8	0	-1	0
3351	partrelid	26	1	0	-1	0
3379	stxrelid	26	1	0	-1	0
3380	oid	26	1	0	-1	0
3381	oid	26	1	1	-1	0
3381	stxrelid	26	2	1	-1	0
3381	stxname	19	3	1	-1	0
3381	stxnamespace	26	4	1	-1	0
3381	stxowner	26	5	1	-1	0
3381	stxstattarget	23	6	1	-1	0
3381	stxkeys	22	7	1	-1	0
3381	stxkind	1002	8	1	-1	0
3381	stxexprs	194	9	0	-1	0
3394	objoid	26	1	1	-1	0
3394	classoid	26	2	1	-1	0
3394	objsubid	23	3	1	-1	0
3394	privtype	18	4	1	-1	0
3394	initprivs	1034	5	1	-1	0
3395	objoid	26	1	0	-1	0
3395	classoid	26	2	0	-1	0
3395	objsubid	23	3	0	-1	0
3429	stxoid	26	1	1	-1	0
3429	stxdinherit	16	2	1	-1	0
3429	stxdndistinct	3361	3	0	-1	0
3429	stxddependencies	3402	4	0	-1	0
3429	stxdmcv	5017	5	0	-1	0
3429	stxdexpr	10028	6	0	-1	0
3430	chunk_id	26	1	0	-1	0
3430	chunk_seq	23	2	0	-1	0
3430	chunk_data	17	3	0	-1	0
3431	chunk_id	26	1	0	-1	0
3431	chunk_seq	23	2	0	-1	0
3433	stxoid	26	1	0	-1	0
3433	stxdinherit	16	2	0	-1	0
3439	chunk_id	26	1	0	-1	0
3439	chunk_seq	23	2	0	-1	0
3439	chunk_data	17	3	0	-1	0
3440	chunk_id	26	1	0	-1	0
3440	chunk_seq	23	2	0	-1	0
3455	reltablespace	26	1	0	-1	0
3455	relfilenode	26	2	0	-1	0
3456	oid	26	1	1	-1	0
3456	collname	19	2	1	-1	0
3456	collnamespace	26	3	1	-1	0
3456	collowner	26	4	1	-1	0
3456	collprovider	18	5	1	-1	0
3456	collisdeterministic	16	6	1	-1	0
3456	collencoding	23	7	1	-1	0
3456	collcollate	25	8	0	-1	0
3456	collctype	25	9	0	-1	0
3456	colliculocale	25	10	0	-1	0
3456	collversion	25	11	0	-1	0
3466	oid	26	1	1	-1	0
3466	evtname	19	2	1	-1	0
3466	evtevent	19	3	1	-1	0
3466	evtowner	26	4	1	-1	0
3466	evtfoid	26	5	1	-1	0
3466	evtenabled	18	6	1	-1	0
3466	evttags	1009	7	0	-1	0
3467	evtname	2275	1	0	-1	0
3468	oid	26	1	0	-1	0
3501	oid	26	1	1	-1	0
3501	enumtypid	26	2	1	-1	0
3501	enumsortorder	700	3	1	-1	0
3501	enumlabel	19	4	1	-1	0
3502	oid	26	1	0	-1	0
3503	enumtypid	26	1	0	-1	0
3503	enumlabel	2275	2	0	-1	0
3534	enumtypid	26	1	0	-1	0
3534	enumsortorder	700	2	0	-1	0
3541	rngtypid	26	1	1	-1	0
3541	rngsubtype	26	2	1	-1	0
3541	rngmultitypid	26	3	1	-1	0
3541	rngcollation	26	4	1	-1	0
3541	rngsubopc	26	5	1	-1	0
3541	rngcanonical	24	6	1	-1	0
3541	rngsubdiff	24	7	1	-1	0
3542	rngtypid	26	1	0	-1	0
3574	oid	26	1	0	-1	0
3575	trftype	26	1	0	-1	0
3575	trflang	26	2	0	-1	0
3576	oid	26	1	1	-1	0
3576	trftype	26	2	1	-1	0
3576	trflang	26	3	1	-1	0
3576	trffromsql	24	4	1	-1	0
3576	trftosql	24	5	1	-1	0
3592	objoid	26	1	1	-1	0
3592	classoid	26	2	1	-1	0
3592	provider	25	3	1	-1	0
3592	label	25	4	1	-1	0
3593	objoid	26	1	0	-1	0
3593	classoid	26	2	0	-1	0
3593	provider	25	3	0	-1	0
3596	objoid	26	1	1	-1	0
3596	classoid	26	2	1	-1	0
3596	objsubid	23	3	1	-1	0
3596	provider	25	4	1	-1	0
3596	label	25	5	1	-1	0
3597	objoid	26	1	0	-1	0
3597	classoid	26	2	0	-1	0
3597	objsubid	23	3	0	-1	0
3597	provider	25	4	0	-1	0
3598	chunk_id	26	1	0	-1	0
3598	chunk_seq	23	2	0	-1	0
3598	chunk_data	17	3	0	-1	0
3599	chunk_id	26	1	0	-1	0
3599	chunk_seq	23	2	0	-1	0
3600	oid	26	1	1	-1	0
3600	dictname	19	2	1	-1	0
3600	dictnamespace	26	3	1	-1	0
3600	dictowner	26	4	1	-1	0
3600	dicttemplate	26	5	1	-1	0
3600	dictinitoption	25	6	0	-1	0
3601	oid	26	1	1	-1	0
3601	prsname	19	2	1	-1	0
3601	prsnamespace	26	3	1	-1	0
3601	prsstart	24	4	1	-1	0
3601	prstoken	24	5	1	-1	0
3601	prsend	24	6	1	-1	0
3601	prsheadline	24	7	1	-1	0
3601	prslextype	24	8	1	-1	0
3602	oid	26	1	1	-1	0
3602	cfgname	19	2	1	-1	0
3602	cfgnamespace	26	3	1	-1	0
3602	cfgowner	26	4	1	-1	0
3602	cfgparser	26	5	1	-1	0
3603	mapcfg	26	1	1	-1	0
3603	maptokentype	23	2	1	-1	0
3603	mapseqno	23	3	1	-1	0
3603	mapdict	26	4	1	-1	0
3604	dictname	2275	1	0	-1	0
3604	dictnamespace	26	2	0	-1	0
3605	oid	26	1	0	-1	0
3606	prsname	2275	1	0	-1	0
3606	prsnamespace	26	2	0	-1	0
3607	oid	26	1	0	-1	0
3608	cfgname	2275	1	0	-1	0
3608	cfgnamespace	26	2	0	-1	0
3609	mapcfg	26	1	0	-1	0
3609	maptokentype	23	2	0	-1	0
3609	mapseqno	23	3	0	-1	0
3712	oid	26	1	0	-1	0
3764	oid	26	1	1	-1	0
3764	tmplname	19	2	1	-1	0
3764	tmplnamespace	26	3	1	-1	0
3764	tmplinit	24	4	1	-1	0
3764	tmpllexize	24	5	1	-1	0
3766	tmplname	2275	1	0	-1	0
3766	tmplnamespace	26	2	0	-1	0
3767	oid	26	1	0	-1	0
3997	stxname	2275	1	0	-1	0
3997	stxnamespace	26	2	0	-1	0
4060	chunk_id	26	1	0	-1	0
4060	chunk_seq	23	2	0	-1	0
4060	chunk_data	17	3	0	-1	0
4061	chunk_id	26	1	0	-1	0
4061	chunk_seq	23	2	0	-1	0
4143	chunk_id	26	1	0	-1	0
4143	chunk_seq	23	2	0	-1	0
4143	chunk_data	17	3	0	-1	0
4144	chunk_id	26	1	0	-1	0
4144	chunk_seq	23	2	0	-1	0
4145	chunk_id	26	1	0	-1	0
4145	chunk_seq	23	2	0	-1	0
4145	chunk_data	17	3	0	-1	0
4146	chunk_id	26	1	0	-1	0
4146	chunk_seq	23	2	0	-1	0
4147	chunk_id	26	1	0	-1	0
4147	chunk_seq	23	2	0	-1	0
4147	chunk_data	17	3	0	-1	0
4148	chunk_id	26	1	0	-1	0
4148	chunk_seq	23	2	0	-1	0
4149	chunk_id	26	1	0	-1	0
4149	chunk_seq	23	2	0	-1	0
4149	chunk_data	17	3	0	-1	0
4150	chunk_id	26	1	0	-1	0
4150	chunk_seq	23	2	0	-1	0
4151	chunk_id	26	1	0	-1	0
4151	chunk_seq	23	2	0	-1	0
4151	chunk_data	17	3	0	-1	0
4152	chunk_id	26	1	0	-1	0
4152	chunk_seq	23	2	0	-1	0
4153	chunk_id	26	1	0	-1	0
4153	chunk_seq	23	2	0	-1	0
4153	chunk_data	17	3	0	-1	0
4154	chunk_id	26	1	0	-1	0
4154	chunk_seq	23	2	0	-1	0
4155	chunk_id	26	1	0	-1	0
4155	chunk_seq	23	2	0	-1	0
4155	chunk_data	17	3	0	-1	0
4156	chunk_id	26	1	0	-1	0
4156	chunk_seq	23	2	0	-1	0
4157	chunk_id	26	1	0	-1	0
4157	chunk_seq	23	2	0	-1	0
4157	chunk_data	17	3	0	-1	0
4158	chunk_id	26	1	0	-1	0
4158	chunk_seq	23	2	0	-1	0
4159	chunk_id	26	1	0	-1	0
4159	chunk_seq	23	2	0	-1	0
4159	chunk_data	17	3	0	-1	0
4160	chunk_id	26	1	0	-1	0
4160	chunk_seq	23	2	0	-1	0
4163	chunk_id	26	1	0	-1	0
4163	chunk_seq	23	2	0	-1	0
4163	chunk_data	17	3	0	-1	0
4164	chunk_id	26	1	0	-1	0
4164	chunk_seq	23	2	0	-1	0
4165	chunk_id	26	1	0	-1	0
4165	chunk_seq	23	2	0	-1	0
4165	chunk_data	17	3	0	-1	0
4166	chunk_id	26	1	0	-1	0
4166	chunk_seq	23	2	0	-1	0
4167	chunk_id	26	1	0	-1	0
4167	chunk_seq	23	2	0	-1	0
4167	chunk_data	17	3	0	-1	0
4168	chunk_id	26	1	0	-1	0
4168	chunk_seq	23	2	0	-1	0
4169	chunk_id	26	1	0	-1	0
4169	chunk_seq	23	2	0	-1	0
4169	chunk_data	17	3	0	-1	0
4170	chunk_id	26	1	0	-1	0
4170	chunk_seq	23	2	0	-1	0
4171	chunk_id	26	1	0	-1	0
4171	chunk_seq	23	2	0	-1	0
4171	chunk_data	17	3	0	-1	0
4172	chunk_id	26	1	0	-1	0
4172	chunk_seq	23	2	0	-1	0
4173	chunk_id	26	1	0	-1	0
4173	chunk_seq	23	2	0	-1	0
4173	chunk_data	17	3	0	-1	0
4174	chunk_id	26	1	0	-1	0
4174	chunk_seq	23	2	0	-1	0
4175	chunk_id	26	1	0	-1	0
4175	chunk_seq	23	2	0	-1	0
4175	chunk_data	17	3	0	-1	0
4176	chunk_id	26	1	0	-1	0
4176	chunk_seq	23	2	0	-1	0
4177	chunk_id	26	1	0	-1	0
4177	chunk_seq	23	2	0	-1	0
4177	chunk_data	17	3	0	-1	0
4178	chunk_id	26	1	0	-1	0
4178	chunk_seq	23	2	0	-1	0
4181	chunk_id	26	1	0	-1	0
4181	chunk_seq	23	2	0	-1	0
4181	chunk_data	17	3	0	-1	0
4182	chunk_id	26	1	0	-1	0
4182	chunk_seq	23	2	0	-1	0
4183	chunk_id	26	1	0	-1	0
4183	chunk_seq	23	2	0	-1	0
4183	chunk_data	17	3	0	-1	0
4184	chunk_id	26	1	0	-1	0
4184	chunk_seq	23	2	0	-1	0
4185	chunk_id	26	1	0	-1	0
4185	chunk_seq	23	2	0	-1	0
4185	chunk_data	17	3	0	-1	0
4186	chunk_id	26	1	0	-1	0
4186	chunk_seq	23	2	0	-1	0
5002	seqrelid	26	1	0	-1	0
6000	roident	26	1	1	-1	0
6000	roname	25	2	1	-1	0
6001	roident	26	1	0	-1	0
6002	roname	25	1	0	-1	0
6100	oid	26	1	1	-1	0
6100	subdbid	26	2	1	-1	0
6100	subskiplsn	3220	3	1	-1	0
6100	subname	19	4	1	-1	0
6100	subowner	26	5	1	-1	0
6100	subenabled	16	6	1	-1	0
6100	subbinary	16	7	1	-1	0
6100	substream	16	8	1	-1	0
6100	subtwophasestate	18	9	1	-1	0
6100	subdisableonerr	16	10	1	-1	0
6100	subconninfo	25	11	1	-1	0
6100	subslotname	19	12	0	-1	0
6100	subsynccommit	25	13	1	-1	0
6100	subpublications	1009	14	1	-1	0
6102	srsubid	26	1	1	-1	0
6102	srrelid	26	2	1	-1	0
6102	srsubstate	18	3	1	-1	0
6102	srsublsn	3220	4	0	-1	0
6104	oid	26	1	1	-1	0
6104	pubname	19	2	1	-1	0
6104	pubowner	26	3	1	-1	0
6104	puballtables	16	4	1	-1	0
6104	pubinsert	16	5	1	-1	0
6104	pubupdate	16	6	1	-1	0
6104	pubdelete	16	7	1	-1	0
6104	pubtruncate	16	8	1	-1	0
6104	pubviaroot	16	9	1	-1	0
6106	oid	26	1	1	-1	0
6106	prpubid	26	2	1	-1	0
6106	prrelid	26	3	1	-1	0
6106	prqual	194	4	0	-1	0
6106	prattrs	22	5	0	-1	0
6110	oid	26	1	0	-1	0
6111	pubname	2275	1	0	-1	0
6112	oid	26	1	0	-1	0
6113	prrelid	26	1	0	-1	0
6113	prpubid	26	2	0	-1	0
6114	oid	26	1	0	-1	0
6115	subdbid	26	1	0	-1	0
6115	subname	2275	2	0	-1	0
6116	prpubid	26	1	0	-1	0
6117	srrelid	26	1	0	-1	0
6117	srsubid	26	2	0	-1	0
6175	chunk_id	26	1	0	-1	0
6175	chunk_seq	23	2	0	-1	0
6175	chunk_data	17	3	0	-1	0
6176	chunk_id	26	1	0	-1	0
6176	chunk_seq	23	2	0	-1	0
6228	chunk_id	26	1	0	-1	0
6228	chunk_seq	23	2	0	-1	0
6228	chunk_data	17	3	0	-1	0
6229	chunk_id	26	1	0	-1	0
6229	chunk_seq	23	2	0	-1	0
6237	oid	26	1	1	-1	0
6237	pnpubid	26	2	1	-1	0
6237	pnnspid	26	3	1	-1	0
6238	oid	26	1	0	-1	0
6239	pnnspid	26	1	0	-1	0
6239	pnpubid	26	2	0	-1	0
6243	oid	26	1	1	-1	0
6243	parname	25	2	1	-1	0
6243	paracl	1034	3	0	-1	0
6244	chunk_id	26	1	0	-1	0
6244	chunk_seq	23	2	0	-1	0
6244	chunk_data	17	3	0	-1	0
6245	chunk_id	26	1	0	-1	0
6245	chunk_seq	23	2	0	-1	0
6246	parname	25	1	0	-1	0
6247	oid	26	1	0	-1	0
12000	rolname	19	1	0	-1	0
12000	rolsuper	16	2	0	-1	0
12000	rolinherit	16	3	0	-1	0
12000	rolcreaterole	16	4	0	-1	0
12000	rolcreatedb	16	5	0	-1	0
12000	rolcanlogin	16	6	0	-1	0
12000	rolreplication	16	7	0	-1	0
12000	rolconnlimit	23	8	0	-1	0
12000	rolpassword	25	9	0	-1	0
12000	rolvaliduntil	1184	10	0	-1	0
12000	rolbypassrls	16	11	0	-1	0
12000	rolconfig	1009	12	0	-1	0
12000	oid	26	13	0	-1	0
12005	usename	19	1	0	-1	0
12005	usesysid	26	2	0	-1	0
12005	usecreatedb	16	3	0	-1	0
12005	usesuper	16	4	0	-1	0
12005	userepl	16	5	0	-1	0
12005	usebypassrls	16	6	0	-1	0
12005	passwd	25	7	0	-1	0
12005	valuntil	1184	8	0	-1	0
12005	useconfig	1009	9	0	-1	0
12010	groname	19	1	0	-1	0
12010	grosysid	26	2	0	-1	0
12010	grolist	1028	3	0	-1	0
12014	usename	19	1	0	-1	0
12014	usesysid	26	2	0	-1	0
12014	usecreatedb	16	3	0	-1	0
12014	usesuper	16	4	0	-1	0
12014	userepl	16	5	0	-1	0
12014	usebypassrls	16	6	0	-1	0
12014	passwd	25	7	0	-1	0
12014	valuntil	1184	8	0	-1	0
12014	useconfig	1009	9	0	-1	0
12018	schemaname	19	1	0	-1	0
12018	tablename	19	2	0	-1	0
12018	policyname	19	3	0	-1	0
12018	permissive	25	4	0	-1	0
12018	roles	1003	5	0	-1	0
12018	cmd	25	6	0	-1	0
12018	qual	25	7	0	-1	0
12018	with_check	25	8	0	-1	0
12023	schemaname	19	1	0	-1	0
12023	tablename	19	2	0	-1	0
12023	rulename	19	3	0	-1	0
12023	definition	25	4	0	-1	0
12028	schemaname	19	1	0	-1	0
12028	viewname	19	2	0	-1	0
12028	viewowner	19	3	0	-1	0
12028	definition	25	4	0	-1	0
12033	schemaname	19	1	0	-1	0
12033	tablename	19	2	0	-1	0
12033	tableowner	19	3	0	-1	0
12033	tablespace	19	4	0	-1	0
12033	hasindexes	16	5	0	-1	0
12033	hasrules	16	6	0	-1	0
12033	hastriggers	16	7	0	-1	0
12033	rowsecurity	16	8	0	-1	0
12038	schemaname	19	1	0	-1	0
12038	matviewname	19	2	0	-1	0
12038	matviewowner	19	3	0	-1	0
12038	tablespace	19	4	0	-1	0
12038	hasindexes	16	5	0	-1	0
12038	ispopulated	16	6	0	-1	0
12038	definition	25	7	0	-1	0
12043	schemaname	19	1	0	-1	0
12043	tablename	19	2	0	-1	0
12043	indexname	19	3	0	-1	0
12043	tablespace	19	4	0	-1	0
12043	indexdef	25	5	0	-1	0
12048	schemaname	19	1	0	-1	0
12048	sequencename	19	2	0	-1	0
12048	sequenceowner	19	3	0	-1	0
12048	data_type	2206	4	0	-1	0
12048	start_value	20	5	0	-1	0
12048	min_value	20	6	0	-1	0
12048	max_value	20	7	0	-1	0
12048	increment_by	20	8	0	-1	0
12048	cycle	16	9	0	-1	0
12048	cache_size	20	10	0	-1	0
12048	last_value	20	11	0	-1	0
12053	schemaname	19	1	0	-1	0
12053	tablename	19	2	0	-1	0
12053	attname	19	3	0	-1	0
12053	inherited	16	4	0	-1	0
12053	null_frac	700	5	0	-1	0
12053	avg_width	23	6	0	-1	0
12053	n_distinct	700	7	0	-1	0
12053	most_common_vals	2277	8	0	-1	0
12053	most_common_freqs	1021	9	0	-1	0
12053	histogram_bounds	2277	10	0	-1	0
12053	correlation	700	11	0	-1	0
12053	most_common_elems	2277	12	0	-1	0
12053	most_common_elem_freqs	1021	13	0	-1	0
12053	elem_count_histogram	1021	14	0	-1	0
12058	schemaname	19	1	0	-1	0
12058	tablename	19	2	0	-1	0
12058	statistics_schemaname	19	3	0	-1	0
12058	statistics_name	19	4	0	-1	0
12058	statistics_owner	19	5	0	-1	0
12058	attnames	1003	6	0	-1	0
12058	exprs	1009	7	0	-1	0
12058	kinds	1002	8	0	-1	0
12058	inherited	16	9	0	-1	0
12058	n_distinct	3361	10	0	-1	0
12058	dependencies	3402	11	0	-1	0
12058	most_common_vals	1009	12	0	-1	0
12058	most_common_val_nulls	1000	13	0	-1	0
12058	most_common_freqs	1022	14	0	-1	0
12058	most_common_base_freqs	1022	15	0	-1	0
12063	schemaname	19	1	0	-1	0
12063	tablename	19	2	0	-1	0
12063	statistics_schemaname	19	3	0	-1	0
12063	statistics_name	19	4	0	-1	0
12063	statistics_owner	19	5	0	-1	0
12063	expr	25	6	0	-1	0
12063	inherited	16	7	0	-1	0
12063	null_frac	700	8	0	-1	0
12063	avg_width	23	9	0	-1	0
12063	n_distinct	700	10	0	-1	0
12063	most_common_vals	2277	11	0	-1	0
12063	most_common_freqs	1021	12	0	-1	0
12063	histogram_bounds	2277	13	0	-1	0
12063	correlation	700	14	0	-1	0
12063	most_common_elems	2277	15	0	-1	0
12063	most_common_elem_freqs	1021	16	0	-1	0
12063	elem_count_histogram	1021	17	0	-1	0
12068	pubname	19	1	0	-1	0
12068	schemaname	19	2	0	-1	0
12068	tablename	19	3	0	-1	0
12068	attnames	1003	4	0	-1	0
12068	rowfilter	25	5	0	-1	0
12073	locktype	25	1	0	-1	0
12073	database	26	2	0	-1	0
12073	relation	26	3	0	-1	0
12073	page	23	4	0	-1	0
12073	tuple	21	5	0	-1	0
12073	virtualxid	25	6	0	-1	0
12073	transactionid	28	7	0	-1	0
12073	classid	26	8	0	-1	0
12073	objid	26	9	0	-1	0
12073	objsubid	21	10	0	-1	0
12073	virtualtransaction	25	11	0	-1	0
12073	pid	23	12	0	-1	0
12073	mode	25	13	0	-1	0
12073	granted	16	14	0	-1	0
12073	fastpath	16	15	0	-1	0
12073	waitstart	1184	16	0	-1	0
12077	name	25	1	0	-1	0
12077	statement	25	2	0	-1	0
12077	is_holdable	16	3	0	-1	0
12077	is_binary	16	4	0	-1	0
12077	is_scrollable	16	5	0	-1	0
12077	creation_time	1184	6	0	-1	0
12081	name	19	1	0	-1	0
12081	default_version	25	2	0	-1	0
12081	installed_version	25	3	0	-1	0
12081	comment	25	4	0	-1	0
12085	name	19	1	0	-1	0
12085	version	25	2	0	-1	0
12085	installed	16	3	0	-1	0
12085	superuser	16	4	0	-1	0
12085	trusted	16	5	0	-1	0
12085	relocatable	16	6	0	-1	0
12085	schema	19	7	0	-1	0
12085	requires	1003	8	0	-1	0
12085	comment	25	9	0	-1	0
12090	transaction	28	1	0	-1	0
12090	gid	25	2	0	-1	0
12090	prepared	1184	3	0	-1	0
12090	owner	19	4	0	-1	0
12090	database	19	5	0	-1	0
12095	name	25	1	0	-1	0
12095	statement	25	2	0	-1	0
12095	prepare_time	1184	3	0	-1	0
12095	parameter_types	2211	4	0	-1	0
12095	from_sql	16	5	0	-1	0
12095	generic_plans	20	6	0	-1	0
12095	custom_plans	20	7	0	-1	0
12099	objoid	26	1	0	-1	0
12099	classoid	26	2	0	-1	0
12099	objsubid	23	3	0	-1	0
12099	objtype	25	4	0	-1	0
12099	objnamespace	26	5	0	-1	0
12099	objname	25	6	0	-1	0
12099	provider	25	7	0	-1	0
12099	label	25	8	0	-1	0
12104	name	25	1	0	-1	0
12104	setting	25	2	0	-1	0
12104	unit	25	3	0	-1	0
12104	category	25	4	0	-1	0
12104	short_desc	25	5	0	-1	0
12104	extra_desc	25	6	0	-1	0
12104	context	25	7	0	-1	0
12104	vartype	25	8	0	-1	0
12104	source	25	9	0	-1	0
12104	min_val	25	10	0	-1	0
12104	max_val	25	11	0	-1	0
12104	enumvals	1009	12	0	-1	0
12104	boot_val	25	13	0	-1	0
12104	reset_val	25	14	0	-1	0
12104	sourcefile	25	15	0	-1	0
12104	sourceline	23	16	0	-1	0
12104	pending_restart	16	17	0	-1	0
12110	sourcefile	25	1	0	-1	0
12110	sourceline	23	2	0	-1	0
12110	seqno	23	3	0	-1	0
12110	name	25	4	0	-1	0
12110	setting	25	5	0	-1	0
12110	applied	16	6	0	-1	0
12110	error	25	7	0	-1	0
12114	line_number	23	1	0	-1	0
12114	type	25	2	0	-1	0
12114	database	1009	3	0	-1	0
12114	user_name	1009	4	0	-1	0
12114	address	25	5	0	-1	0
12114	netmask	25	6	0	-1	0
12114	auth_method	25	7	0	-1	0
12114	options	1009	8	0	-1	0
12114	error	25	9	0	-1	0
12118	line_number	23	1	0	-1	0
12118	map_name	25	2	0	-1	0
12118	sys_name	25	3	0	-1	0
12118	pg_username	25	4	0	-1	0
12118	error	25	5	0	-1	0
12122	abbrev	25	1	0	-1	0
12122	utc_offset	1186	2	0	-1	0
12122	is_dst	16	3	0	-1	0
12126	name	25	1	0	-1	0
12126	abbrev	25	2	0	-1	0
12126	utc_offset	1186	3	0	-1	0
12126	is_dst	16	4	0	-1	0
12130	name	25	1	0	-1	0
12130	setting	25	2	0	-1	0
12134	name	25	1	0	-1	0
12134	off	20	2	0	-1	0
12134	size	20	3	0	-1	0
12134	allocated_size	20	4	0	-1	0
12138	name	25	1	0	-1	0
12138	ident	25	2	0	-1	0
12138	parent	25	3	0	-1	0
12138	level	23	4	0	-1	0
12138	total_bytes	20	5	0	-1	0
12138	total_nblocks	20	6	0	-1	0
12138	free_bytes	20	7	0	-1	0
12138	free_chunks	20	8	0	-1	0
12138	used_bytes	20	9	0	-1	0
12142	relid	26	1	0	-1	0
12142	schemaname	19	2	0	-1	0
12142	relname	19	3	0	-1	0
12142	seq_scan	20	4	0	-1	0
12142	seq_tup_read	20	5	0	-1	0
12142	idx_scan	20	6	0	-1	0
12142	idx_tup_fetch	20	7	0	-1	0
12142	n_tup_ins	20	8	0	-1	0
12142	n_tup_upd	20	9	0	-1	0
12142	n_tup_del	20	10	0	-1	0
12142	n_tup_hot_upd	20	11	0	-1	0
12142	n_live_tup	20	12	0	-1	0
12142	n_dead_tup	20	13	0	-1	0
12142	n_mod_since_analyze	20	14	0	-1	0
12142	n_ins_since_vacuum	20	15	0	-1	0
12142	last_vacuum	1184	16	0	-1	0
12142	last_autovacuum	1184	17	0	-1	0
12142	last_analyze	1184	18	0	-1	0
12142	last_autoanalyze	1184	19	0	-1	0
12142	vacuum_count	20	20	0	-1	0
12142	autovacuum_count	20	21	0	-1	0
12142	analyze_count	20	22	0	-1	0
12142	autoanalyze_count	20	23	0	-1	0
12147	relid	26	1	0	-1	0
12147	schemaname	19	2	0	-1	0
12147	relname	19	3	0	-1	0
12147	seq_scan	20	4	0	-1	0
12147	seq_tup_read	20	5	0	-1	0
12147	idx_scan	20	6	0	-1	0
12147	idx_tup_fetch	20	7	0	-1	0
12147	n_tup_ins	20	8	0	-1	0
12147	n_tup_upd	20	9	0	-1	0
12147	n_tup_del	20	10	0	-1	0
12147	n_tup_hot_upd	20	11	0	-1	0
12152	relid	26	1	0	-1	0
12152	schemaname	19	2	0	-1	0
12152	relname	19	3	0	-1	0
12152	seq_scan	20	4	0	-1	0
12152	seq_tup_read	20	5	0	-1	0
12152	idx_scan	20	6	0	-1	0
12152	idx_tup_fetch	20	7	0	-1	0
12152	n_tup_ins	20	8	0	-1	0
12152	n_tup_upd	20	9	0	-1	0
12152	n_tup_del	20	10	0	-1	0
12152	n_tup_hot_upd	20	11	0	-1	0
12152	n_live_tup	20	12	0	-1	0
12152	n_dead_tup	20	13	0	-1	0
12152	n_mod_since_analyze	20	14	0	-1	0
12152	n_ins_since_vacuum	20	15	0	-1	0
12152	last_vacuum	1184	16	0	-1	0
12152	last_autovacuum	1184	17	0	-1	0
12152	last_analyze	1184	18	0	-1	0
12152	last_autoanalyze	1184	19	0	-1	0
12152	vacuum_count	20	20	0	-1	0
12152	autovacuum_count	20	21	0	-1	0
12152	analyze_count	20	22	0	-1	0
12152	autoanalyze_count	20	23	0	-1	0
12157	relid	26	1	0	-1	0
12157	schemaname	19	2	0	-1	0
12157	relname	19	3	0	-1	0
12157	seq_scan	20	4	0	-1	0
12157	seq_tup_read	20	5	0	-1	0
12157	idx_scan	20	6	0	-1	0
12157	idx_tup_fetch	20	7	0	-1	0
12157	n_tup_ins	20	8	0	-1	0
12157	n_tup_upd	20	9	0	-1	0
12157	n_tup_del	20	10	0	-1	0
12157	n_tup_hot_upd	20	11	0	-1	0
12161	relid	26	1	0	-1	0
12161	schemaname	19	2	0	-1	0
12161	relname	19	3	0	-1	0
12161	seq_scan	20	4	0	-1	0
12161	seq_tup_read	20	5	0	-1	0
12161	idx_scan	20	6	0	-1	0
12161	idx_tup_fetch	20	7	0	-1	0
12161	n_tup_ins	20	8	0	-1	0
12161	n_tup_upd	20	9	0	-1	0
12161	n_tup_del	20	10	0	-1	0
12161	n_tup_hot_upd	20	11	0	-1	0
12161	n_live_tup	20	12	0	-1	0
12161	n_dead_tup	20	13	0	-1	0
12161	n_mod_since_analyze	20	14	0	-1	0
12161	n_ins_since_vacuum	20	15	0	-1	0
12161	last_vacuum	1184	16	0	-1	0
12161	last_autovacuum	1184	17	0	-1	0
12161	last_analyze	1184	18	0	-1	0
12161	last_autoanalyze	1184	19	0	-1	0
12161	vacuum_count	20	20	0	-1	0
12161	autovacuum_count	20	21	0	-1	0
12161	analyze_count	20	22	0	-1	0
12161	autoanalyze_count	20	23	0	-1	0
12166	relid	26	1	0	-1	0
12166	schemaname	19	2	0	-1	0
12166	relname	19	3	0	-1	0
12166	seq_scan	20	4	0	-1	0
12166	seq_tup_read	20	5	0	-1	0
12166	idx_scan	20	6	0	-1	0
12166	idx_tup_fetch	20	7	0	-1	0
12166	n_tup_ins	20	8	0	-1	0
12166	n_tup_upd	20	9	0	-1	0
12166	n_tup_del	20	10	0	-1	0
12166	n_tup_hot_upd	20	11	0	-1	0
12170	relid	26	1	0	-1	0
12170	schemaname	19	2	0	-1	0
12170	relname	19	3	0	-1	0
12170	heap_blks_read	20	4	0	-1	0
12170	heap_blks_hit	20	5	0	-1	0
12170	idx_blks_read	20	6	0	-1	0
12170	idx_blks_hit	20	7	0	-1	0
12170	toast_blks_read	20	8	0	-1	0
12170	toast_blks_hit	20	9	0	-1	0
12170	tidx_blks_read	20	10	0	-1	0
12170	tidx_blks_hit	20	11	0	-1	0
12175	relid	26	1	0	-1	0
12175	schemaname	19	2	0	-1	0
12175	relname	19	3	0	-1	0
12175	heap_blks_read	20	4	0	-1	0
12175	heap_blks_hit	20	5	0	-1	0
12175	idx_blks_read	20	6	0	-1	0
12175	idx_blks_hit	20	7	0	-1	0
12175	toast_blks_read	20	8	0	-1	0
12175	toast_blks_hit	20	9	0	-1	0
12175	tidx_blks_read	20	10	0	-1	0
12175	tidx_blks_hit	20	11	0	-1	0
12179	relid	26	1	0	-1	0
12179	schemaname	19	2	0	-1	0
12179	relname	19	3	0	-1	0
12179	heap_blks_read	20	4	0	-1	0
12179	heap_blks_hit	20	5	0	-1	0
12179	idx_blks_read	20	6	0	-1	0
12179	idx_blks_hit	20	7	0	-1	0
12179	toast_blks_read	20	8	0	-1	0
12179	toast_blks_hit	20	9	0	-1	0
12179	tidx_blks_read	20	10	0	-1	0
12179	tidx_blks_hit	20	11	0	-1	0
12183	relid	26	1	0	-1	0
12183	indexrelid	26	2	0	-1	0
12183	schemaname	19	3	0	-1	0
12183	relname	19	4	0	-1	0
12183	indexrelname	19	5	0	-1	0
12183	idx_scan	20	6	0	-1	0
12183	idx_tup_read	20	7	0	-1	0
12183	idx_tup_fetch	20	8	0	-1	0
12188	relid	26	1	0	-1	0
12188	indexrelid	26	2	0	-1	0
12188	schemaname	19	3	0	-1	0
12188	relname	19	4	0	-1	0
12188	indexrelname	19	5	0	-1	0
12188	idx_scan	20	6	0	-1	0
12188	idx_tup_read	20	7	0	-1	0
12188	idx_tup_fetch	20	8	0	-1	0
12192	relid	26	1	0	-1	0
12192	indexrelid	26	2	0	-1	0
12192	schemaname	19	3	0	-1	0
12192	relname	19	4	0	-1	0
12192	indexrelname	19	5	0	-1	0
12192	idx_scan	20	6	0	-1	0
12192	idx_tup_read	20	7	0	-1	0
12192	idx_tup_fetch	20	8	0	-1	0
12196	relid	26	1	0	-1	0
12196	indexrelid	26	2	0	-1	0
12196	schemaname	19	3	0	-1	0
12196	relname	19	4	0	-1	0
12196	indexrelname	19	5	0	-1	0
12196	idx_blks_read	20	6	0	-1	0
12196	idx_blks_hit	20	7	0	-1	0
12201	relid	26	1	0	-1	0
12201	indexrelid	26	2	0	-1	0
12201	schemaname	19	3	0	-1	0
12201	relname	19	4	0	-1	0
12201	indexrelname	19	5	0	-1	0
12201	idx_blks_read	20	6	0	-1	0
12201	idx_blks_hit	20	7	0	-1	0
12205	relid	26	1	0	-1	0
12205	indexrelid	26	2	0	-1	0
12205	schemaname	19	3	0	-1	0
12205	relname	19	4	0	-1	0
12205	indexrelname	19	5	0	-1	0
12205	idx_blks_read	20	6	0	-1	0
12205	idx_blks_hit	20	7	0	-1	0
12209	relid	26	1	0	-1	0
12209	schemaname	19	2	0	-1	0
12209	relname	19	3	0	-1	0
12209	blks_read	20	4	0	-1	0
12209	blks_hit	20	5	0	-1	0
12214	relid	26	1	0	-1	0
12214	schemaname	19	2	0	-1	0
12214	relname	19	3	0	-1	0
12214	blks_read	20	4	0	-1	0
12214	blks_hit	20	5	0	-1	0
12218	relid	26	1	0	-1	0
12218	schemaname	19	2	0	-1	0
12218	relname	19	3	0	-1	0
12218	blks_read	20	4	0	-1	0
12218	blks_hit	20	5	0	-1	0
12222	datid	26	1	0	-1	0
12222	datname	19	2	0	-1	0
12222	pid	23	3	0	-1	0
12222	leader_pid	23	4	0	-1	0
12222	usesysid	26	5	0	-1	0
12222	usename	19	6	0	-1	0
12222	application_name	25	7	0	-1	0
12222	client_addr	869	8	0	-1	0
12222	client_hostname	25	9	0	-1	0
12222	client_port	23	10	0	-1	0
12222	backend_start	1184	11	0	-1	0
12222	xact_start	1184	12	0	-1	0
12222	query_start	1184	13	0	-1	0
12222	state_change	1184	14	0	-1	0
12222	wait_event_type	25	15	0	-1	0
12222	wait_event	25	16	0	-1	0
12222	state	25	17	0	-1	0
12222	backend_xid	28	18	0	-1	0
12222	backend_xmin	28	19	0	-1	0
12222	query_id	20	20	0	-1	0
12222	query	25	21	0	-1	0
12222	backend_type	25	22	0	-1	0
12227	pid	23	1	0	-1	0
12227	usesysid	26	2	0	-1	0
12227	usename	19	3	0	-1	0
12227	application_name	25	4	0	-1	0
12227	client_addr	869	5	0	-1	0
12227	client_hostname	25	6	0	-1	0
12227	client_port	23	7	0	-1	0
12227	backend_start	1184	8	0	-1	0
12227	backend_xmin	28	9	0	-1	0
12227	state	25	10	0	-1	0
12227	sent_lsn	3220	11	0	-1	0
12227	write_lsn	3220	12	0	-1	0
12227	flush_lsn	3220	13	0	-1	0
12227	replay_lsn	3220	14	0	-1	0
12227	write_lag	1186	15	0	-1	0
12227	flush_lag	1186	16	0	-1	0
12227	replay_lag	1186	17	0	-1	0
12227	sync_priority	23	18	0	-1	0
12227	sync_state	25	19	0	-1	0
12227	reply_time	1184	20	0	-1	0
12232	name	25	1	0	-1	0
12232	blks_zeroed	20	2	0	-1	0
12232	blks_hit	20	3	0	-1	0
12232	blks_read	20	4	0	-1	0
12232	blks_written	20	5	0	-1	0
12232	blks_exists	20	6	0	-1	0
12232	flushes	20	7	0	-1	0
12232	truncates	20	8	0	-1	0
12232	stats_reset	1184	9	0	-1	0
12236	pid	23	1	0	-1	0
12236	status	25	2	0	-1	0
12236	receive_start_lsn	3220	3	0	-1	0
12236	receive_start_tli	23	4	0	-1	0
12236	written_lsn	3220	5	0	-1	0
12236	flushed_lsn	3220	6	0	-1	0
12236	received_tli	23	7	0	-1	0
12236	last_msg_send_time	1184	8	0	-1	0
12236	last_msg_receipt_time	1184	9	0	-1	0
12236	latest_end_lsn	3220	10	0	-1	0
12236	latest_end_time	1184	11	0	-1	0
12236	slot_name	25	12	0	-1	0
12236	sender_host	25	13	0	-1	0
12236	sender_port	23	14	0	-1	0
12236	conninfo	25	15	0	-1	0
12240	stats_reset	1184	1	0	-1	0
12240	prefetch	20	2	0	-1	0
12240	hit	20	3	0	-1	0
12240	skip_init	20	4	0	-1	0
12240	skip_new	20	5	0	-1	0
12240	skip_fpw	20	6	0	-1	0
12240	skip_rep	20	7	0	-1	0
12240	wal_distance	23	8	0	-1	0
12240	block_distance	23	9	0	-1	0
12240	io_depth	23	10	0	-1	0
12244	subid	26	1	0	-1	0
12244	subname	19	2	0	-1	0
12244	pid	23	3	0	-1	0
12244	relid	26	4	0	-1	0
12244	received_lsn	3220	5	0	-1	0
12244	last_msg_send_time	1184	6	0	-1	0
12244	last_msg_receipt_time	1184	7	0	-1	0
12244	latest_end_lsn	3220	8	0	-1	0
12244	latest_end_time	1184	9	0	-1	0
12249	pid	23	1	0	-1	0
12249	ssl	16	2	0	-1	0
12249	version	25	3	0	-1	0
12249	cipher	25	4	0	-1	0
12249	bits	23	5	0	-1	0
12249	client_dn	25	6	0	-1	0
12249	client_serial	1700	7	0	-1	0
12249	issuer_dn	25	8	0	-1	0
12253	pid	23	1	0	-1	0
12253	gss_authenticated	16	2	0	-1	0
12253	principal	25	3	0	-1	0
12253	encrypted	16	4	0	-1	0
12257	slot_name	19	1	0	-1	0
12257	plugin	19	2	0	-1	0
12257	slot_type	25	3	0	-1	0
12257	datoid	26	4	0	-1	0
12257	database	19	5	0	-1	0
12257	temporary	16	6	0	-1	0
12257	active	16	7	0	-1	0
12257	active_pid	23	8	0	-1	0
12257	xmin	28	9	0	-1	0
12257	catalog_xmin	28	10	0	-1	0
12257	restart_lsn	3220	11	0	-1	0
12257	confirmed_flush_lsn	3220	12	0	-1	0
12257	wal_status	25	13	0	-1	0
12257	safe_wal_size	20	14	0	-1	0
12257	two_phase	16	15	0	-1	0
12262	slot_name	25	1	0	-1	0
12262	spill_txns	20	2	0	-1	0
12262	spill_count	20	3	0	-1	0
12262	spill_bytes	20	4	0	-1	0
12262	stream_txns	20	5	0	-1	0
12262	stream_count	20	6	0	-1	0
12262	stream_bytes	20	7	0	-1	0
12262	total_txns	20	8	0	-1	0
12262	total_bytes	20	9	0	-1	0
12262	stats_reset	1184	10	0	-1	0
12266	datid	26	1	0	-1	0
12266	datname	19	2	0	-1	0
12266	numbackends	23	3	0	-1	0
12266	xact_commit	20	4	0	-1	0
12266	xact_rollback	20	5	0	-1	0
12266	blks_read	20	6	0	-1	0
12266	blks_hit	20	7	0	-1	0
12266	tup_returned	20	8	0	-1	0
12266	tup_fetched	20	9	0	-1	0
12266	tup_inserted	20	10	0	-1	0
12266	tup_updated	20	11	0	-1	0
12266	tup_deleted	20	12	0	-1	0
12266	conflicts	20	13	0	-1	0
12266	temp_files	20	14	0	-1	0
12266	temp_bytes	20	15	0	-1	0
12266	deadlocks	20	16	0	-1	0
12266	checksum_failures	20	17	0	-1	0
12266	checksum_last_failure	1184	18	0	-1	0
12266	blk_read_time	701	19	0	-1	0
12266	blk_write_time	701	20	0	-1	0
12266	session_time	701	21	0	-1	0
12266	active_time	701	22	0	-1	0
12266	idle_in_transaction_time	701	23	0	-1	0
12266	sessions	20	24	0	-1	0
12266	sessions_abandoned	20	25	0	-1	0
12266	sessions_fatal	20	26	0	-1	0
12266	sessions_killed	20	27	0	-1	0
12266	stats_reset	1184	28	0	-1	0
12271	datid	26	1	0	-1	0
12271	datname	19	2	0	-1	0
12271	confl_tablespace	20	3	0	-1	0
12271	confl_lock	20	4	0	-1	0
12271	confl_snapshot	20	5	0	-1	0
12271	confl_bufferpin	20	6	0	-1	0
12271	confl_deadlock	20	7	0	-1	0
12275	funcid	26	1	0	-1	0
12275	schemaname	19	2	0	-1	0
12275	funcname	19	3	0	-1	0
12275	calls	20	4	0	-1	0
12275	total_time	701	5	0	-1	0
12275	self_time	701	6	0	-1	0
12280	funcid	26	1	0	-1	0
12280	schemaname	19	2	0	-1	0
12280	funcname	19	3	0	-1	0
12280	calls	20	4	0	-1	0
12280	total_time	701	5	0	-1	0
12280	self_time	701	6	0	-1	0
12285	archived_count	20	1	0	-1	0
12285	last_archived_wal	25	2	0	-1	0
12285	last_archived_time	1184	3	0	-1	0
12285	failed_count	20	4	0	-1	0
12285	last_failed_wal	25	5	0	-1	0
12285	last_failed_time	1184	6	0	-1	0
12285	stats_reset	1184	7	0	-1	0
12289	checkpoints_timed	20	1	0	-1	0
12289	checkpoints_req	20	2	0	-1	0
12289	checkpoint_write_time	701	3	0	-1	0
12289	checkpoint_sync_time	701	4	0	-1	0
12289	buffers_checkpoint	20	5	0	-1	0
12289	buffers_clean	20	6	0	-1	0
12289	maxwritten_clean	20	7	0	-1	0
12289	buffers_backend	20	8	0	-1	0
12289	buffers_backend_fsync	20	9	0	-1	0
12289	buffers_alloc	20	10	0	-1	0
12289	stats_reset	1184	11	0	-1	0
12293	wal_records	20	1	0	-1	0
12293	wal_fpi	20	2	0	-1	0
12293	wal_bytes	1700	3	0	-1	0
12293	wal_buffers_full	20	4	0	-1	0
12293	wal_write	20	5	0	-1	0
12293	wal_sync	20	6	0	-1	0
12293	wal_write_time	701	7	0	-1	0
12293	wal_sync_time	701	8	0	-1	0
12293	stats_reset	1184	9	0	-1	0
12297	pid	23	1	0	-1	0
12297	datid	26	2	0	-1	0
12297	datname	19	3	0	-1	0
12297	relid	26	4	0	-1	0
12297	phase	25	5	0	-1	0
12297	sample_blks_total	20	6	0	-1	0
12297	sample_blks_scanned	20	7	0	-1	0
12297	ext_stats_total	20	8	0	-1	0
12297	ext_stats_computed	20	9	0	-1	0
12297	child_tables_total	20	10	0	-1	0
12297	child_tables_done	20	11	0	-1	0
12297	current_child_table_relid	26	12	0	-1	0
12302	pid	23	1	0	-1	0
12302	datid	26	2	0	-1	0
12302	datname	19	3	0	-1	0
12302	relid	26	4	0	-1	0
12302	phase	25	5	0	-1	0
12302	heap_blks_total	20	6	0	-1	0
12302	heap_blks_scanned	20	7	0	-1	0
12302	heap_blks_vacuumed	20	8	0	-1	0
12302	index_vacuum_count	20	9	0	-1	0
12302	max_dead_tuples	20	10	0	-1	0
12302	num_dead_tuples	20	11	0	-1	0
12307	pid	23	1	0	-1	0
12307	datid	26	2	0	-1	0
12307	datname	19	3	0	-1	0
12307	relid	26	4	0	-1	0
12307	command	25	5	0	-1	0
12307	phase	25	6	0	-1	0
12307	cluster_index_relid	26	7	0	-1	0
12307	heap_tuples_scanned	20	8	0	-1	0
12307	heap_tuples_written	20	9	0	-1	0
12307	heap_blks_total	20	10	0	-1	0
12307	heap_blks_scanned	20	11	0	-1	0
12307	index_rebuild_count	20	12	0	-1	0
12312	pid	23	1	0	-1	0
12312	datid	26	2	0	-1	0
12312	datname	19	3	0	-1	0
12312	relid	26	4	0	-1	0
12312	index_relid	26	5	0	-1	0
12312	command	25	6	0	-1	0
12312	phase	25	7	0	-1	0
12312	lockers_total	20	8	0	-1	0
12312	lockers_done	20	9	0	-1	0
12312	current_locker_pid	20	10	0	-1	0
12312	blocks_total	20	11	0	-1	0
12312	blocks_done	20	12	0	-1	0
12312	tuples_total	20	13	0	-1	0
12312	tuples_done	20	14	0	-1	0
12312	partitions_total	20	15	0	-1	0
12312	partitions_done	20	16	0	-1	0
12317	pid	23	1	0	-1	0
12317	phase	25	2	0	-1	0
12317	backup_total	20	3	0	-1	0
12317	backup_streamed	20	4	0	-1	0
12317	tablespaces_total	20	5	0	-1	0
12317	tablespaces_streamed	20	6	0	-1	0
12322	pid	23	1	0	-1	0
12322	datid	26	2	0	-1	0
12322	datname	19	3	0	-1	0
12322	relid	26	4	0	-1	0
12322	command	25	5	0	-1	0
12322	type	25	6	0	-1	0
12322	bytes_processed	20	7	0	-1	0
12322	bytes_total	20	8	0	-1	0
12322	tuples_processed	20	9	0	-1	0
12322	tuples_excluded	20	10	0	-1	0
12327	umid	26	1	0	-1	0
12327	srvid	26	2	0	-1	0
12327	srvname	19	3	0	-1	0
12327	umuser	26	4	0	-1	0
12327	usename	19	5	0	-1	0
12327	umoptions	1009	6	0	-1	0
12332	local_id	26	1	0	-1	0
12332	external_id	25	2	0	-1	0
12332	remote_lsn	3220	3	0	-1	0
12332	local_lsn	3220	4	0	-1	0
12336	subid	26	1	0	-1	0
12336	subname	19	2	0	-1	0
12336	apply_error_count	20	3	0	-1	0
12336	sync_error_count	20	4	0	-1	0
12336	stats_reset	1184	5	0	-1	0
13699	catalog_name	19	1	0	-1	0
13708	grantee	19	1	0	-1	0
13708	role_name	19	2	0	-1	0
13708	is_grantable	1043	3	0	-1	0
13713	grantee	19	1	0	-1	0
13713	role_name	19	2	0	-1	0
13713	is_grantable	1043	3	0	-1	0
13717	udt_catalog	19	1	0	-1	0
13717	udt_schema	19	2	0	-1	0
13717	udt_name	19	3	0	-1	0
13717	attribute_name	19	4	0	-1	0
13717	ordinal_position	23	5	0	-1	0
13717	attribute_default	1043	6	0	-1	0
13717	is_nullable	1043	7	0	-1	0
13717	data_type	1043	8	0	-1	0
13717	character_maximum_length	23	9	0	-1	0
13717	character_octet_length	23	10	0	-1	0
13717	character_set_catalog	19	11	0	-1	0
13717	character_set_schema	19	12	0	-1	0
13717	character_set_name	19	13	0	-1	0
13717	collation_catalog	19	14	0	-1	0
13717	collation_schema	19	15	0	-1	0
13717	collation_name	19	16	0	-1	0
13717	numeric_precision	23	17	0	-1	0
13717	numeric_precision_radix	23	18	0	-1	0
13717	numeric_scale	23	19	0	-1	0
13717	datetime_precision	23	20	0	-1	0
13717	interval_type	1043	21	0	-1	0
13717	interval_precision	23	22	0	-1	0
13717	attribute_udt_catalog	19	23	0	-1	0
13717	attribute_udt_schema	19	24	0	-1	0
13717	attribute_udt_name	19	25	0	-1	0
13717	scope_catalog	19	26	0	-1	0
13717	scope_schema	19	27	0	-1	0
13717	scope_name	19	28	0	-1	0
13717	maximum_cardinality	23	29	0	-1	0
13717	dtd_identifier	19	30	0	-1	0
13717	is_derived_reference_attribute	1043	31	0	-1	0
13722	character_set_catalog	19	1	0	-1	0
13722	character_set_schema	19	2	0	-1	0
13722	character_set_name	19	3	0	-1	0
13722	character_repertoire	19	4	0	-1	0
13722	form_of_use	19	5	0	-1	0
13722	default_collate_catalog	19	6	0	-1	0
13722	default_collate_schema	19	7	0	-1	0
13722	default_collate_name	19	8	0	-1	0
13727	constraint_catalog	19	1	0	-1	0
13727	constraint_schema	19	2	0	-1	0
13727	constraint_name	19	3	0	-1	0
13727	specific_catalog	19	4	0	-1	0
13727	specific_schema	19	5	0	-1	0
13727	specific_name	19	6	0	-1	0
13732	constraint_catalog	19	1	0	-1	0
13732	constraint_schema	19	2	0	-1	0
13732	constraint_name	19	3	0	-1	0
13732	check_clause	1043	4	0	-1	0
13737	collation_catalog	19	1	0	-1	0
13737	collation_schema	19	2	0	-1	0
13737	collation_name	19	3	0	-1	0
13737	pad_attribute	1043	4	0	-1	0
13742	collation_catalog	19	1	0	-1	0
13742	collation_schema	19	2	0	-1	0
13742	collation_name	19	3	0	-1	0
13742	character_set_catalog	19	4	0	-1	0
13742	character_set_schema	19	5	0	-1	0
13742	character_set_name	19	6	0	-1	0
13747	table_catalog	19	1	0	-1	0
13747	table_schema	19	2	0	-1	0
13747	table_name	19	3	0	-1	0
13747	column_name	19	4	0	-1	0
13747	dependent_column	19	5	0	-1	0
13752	domain_catalog	19	1	0	-1	0
13752	domain_schema	19	2	0	-1	0
13752	domain_name	19	3	0	-1	0
13752	table_catalog	19	4	0	-1	0
13752	table_schema	19	5	0	-1	0
13752	table_name	19	6	0	-1	0
13752	column_name	19	7	0	-1	0
13757	grantor	19	1	0	-1	0
13757	grantee	19	2	0	-1	0
13757	table_catalog	19	3	0	-1	0
13757	table_schema	19	4	0	-1	0
13757	table_name	19	5	0	-1	0
13757	column_name	19	6	0	-1	0
13757	privilege_type	1043	7	0	-1	0
13757	is_grantable	1043	8	0	-1	0
13762	udt_catalog	19	1	0	-1	0
13762	udt_schema	19	2	0	-1	0
13762	udt_name	19	3	0	-1	0
13762	table_catalog	19	4	0	-1	0
13762	table_schema	19	5	0	-1	0
13762	table_name	19	6	0	-1	0
13762	column_name	19	7	0	-1	0
13767	table_catalog	19	1	0	-1	0
13767	table_schema	19	2	0	-1	0
13767	table_name	19	3	0	-1	0
13767	column_name	19	4	0	-1	0
13767	ordinal_position	23	5	0	-1	0
13767	column_default	1043	6	0	-1	0
13767	is_nullable	1043	7	0	-1	0
13767	data_type	1043	8	0	-1	0
13767	character_maximum_length	23	9	0	-1	0
13767	character_octet_length	23	10	0	-1	0
13767	numeric_precision	23	11	0	-1	0
13767	numeric_precision_radix	23	12	0	-1	0
13767	numeric_scale	23	13	0	-1	0
13767	datetime_precision	23	14	0	-1	0
13767	interval_type	1043	15	0	-1	0
13767	interval_precision	23	16	0	-1	0
13767	character_set_catalog	19	17	0	-1	0
13767	character_set_schema	19	18	0	-1	0
13767	character_set_name	19	19	0	-1	0
13767	collation_catalog	19	20	0	-1	0
13767	collation_schema	19	21	0	-1	0
13767	collation_name	19	22	0	-1	0
13767	domain_catalog	19	23	0	-1	0
13767	domain_schema	19	24	0	-1	0
13767	domain_name	19	25	0	-1	0
13767	udt_catalog	19	26	0	-1	0
13767	udt_schema	19	27	0	-1	0
13767	udt_name	19	28	0	-1	0
13767	scope_catalog	19	29	0	-1	0
13767	scope_schema	19	30	0	-1	0
13767	scope_name	19	31	0	-1	0
13767	maximum_cardinality	23	32	0	-1	0
13767	dtd_identifier	19	33	0	-1	0
13767	is_self_referencing	1043	34	0	-1	0
13767	is_identity	1043	35	0	-1	0
13767	identity_generation	1043	36	0	-1	0
13767	identity_start	1043	37	0	-1	0
13767	identity_increment	1043	38	0	-1	0
13767	identity_maximum	1043	39	0	-1	0
13767	identity_minimum	1043	40	0	-1	0
13767	identity_cycle	1043	41	0	-1	0
13767	is_generated	1043	42	0	-1	0
13767	generation_expression	1043	43	0	-1	0
13767	is_updatable	1043	44	0	-1	0
13772	table_catalog	19	1	0	-1	0
13772	table_schema	19	2	0	-1	0
13772	table_name	19	3	0	-1	0
13772	column_name	19	4	0	-1	0
13772	constraint_catalog	19	5	0	-1	0
13772	constraint_schema	19	6	0	-1	0
13772	constraint_name	19	7	0	-1	0
13777	table_catalog	19	1	0	-1	0
13777	table_schema	19	2	0	-1	0
13777	table_name	19	3	0	-1	0
13777	constraint_catalog	19	4	0	-1	0
13777	constraint_schema	19	5	0	-1	0
13777	constraint_name	19	6	0	-1	0
13782	constraint_catalog	19	1	0	-1	0
13782	constraint_schema	19	2	0	-1	0
13782	constraint_name	19	3	0	-1	0
13782	domain_catalog	19	4	0	-1	0
13782	domain_schema	19	5	0	-1	0
13782	domain_name	19	6	0	-1	0
13782	is_deferrable	1043	7	0	-1	0
13782	initially_deferred	1043	8	0	-1	0
13787	udt_catalog	19	1	0	-1	0
13787	udt_schema	19	2	0	-1	0
13787	udt_name	19	3	0	-1	0
13787	domain_catalog	19	4	0	-1	0
13787	domain_schema	19	5	0	-1	0
13787	domain_name	19	6	0	-1	0
13792	domain_catalog	19	1	0	-1	0
13792	domain_schema	19	2	0	-1	0
13792	domain_name	19	3	0	-1	0
13792	data_type	1043	4	0	-1	0
13792	character_maximum_length	23	5	0	-1	0
13792	character_octet_length	23	6	0	-1	0
13792	character_set_catalog	19	7	0	-1	0
13792	character_set_schema	19	8	0	-1	0
13792	character_set_name	19	9	0	-1	0
13792	collation_catalog	19	10	0	-1	0
13792	collation_schema	19	11	0	-1	0
13792	collation_name	19	12	0	-1	0
13792	numeric_precision	23	13	0	-1	0
13792	numeric_precision_radix	23	14	0	-1	0
13792	numeric_scale	23	15	0	-1	0
13792	datetime_precision	23	16	0	-1	0
13792	interval_type	1043	17	0	-1	0
13792	interval_precision	23	18	0	-1	0
13792	domain_default	1043	19	0	-1	0
13792	udt_catalog	19	20	0	-1	0
13792	udt_schema	19	21	0	-1	0
13792	udt_name	19	22	0	-1	0
13792	scope_catalog	19	23	0	-1	0
13792	scope_schema	19	24	0	-1	0
13792	scope_name	19	25	0	-1	0
13792	maximum_cardinality	23	26	0	-1	0
13792	dtd_identifier	19	27	0	-1	0
13797	role_name	19	1	0	-1	0
13801	constraint_catalog	19	1	0	-1	0
13801	constraint_schema	19	2	0	-1	0
13801	constraint_name	19	3	0	-1	0
13801	table_catalog	19	4	0	-1	0
13801	table_schema	19	5	0	-1	0
13801	table_name	19	6	0	-1	0
13801	column_name	19	7	0	-1	0
13801	ordinal_position	23	8	0	-1	0
13801	position_in_unique_constraint	23	9	0	-1	0
13806	specific_catalog	19	1	0	-1	0
13806	specific_schema	19	2	0	-1	0
13806	specific_name	19	3	0	-1	0
13806	ordinal_position	23	4	0	-1	0
13806	parameter_mode	1043	5	0	-1	0
13806	is_result	1043	6	0	-1	0
13806	as_locator	1043	7	0	-1	0
13806	parameter_name	19	8	0	-1	0
13806	data_type	1043	9	0	-1	0
13806	character_maximum_length	23	10	0	-1	0
13806	character_octet_length	23	11	0	-1	0
13806	character_set_catalog	19	12	0	-1	0
13806	character_set_schema	19	13	0	-1	0
13806	character_set_name	19	14	0	-1	0
13806	collation_catalog	19	15	0	-1	0
13806	collation_schema	19	16	0	-1	0
13806	collation_name	19	17	0	-1	0
13806	numeric_precision	23	18	0	-1	0
13806	numeric_precision_radix	23	19	0	-1	0
13806	numeric_scale	23	20	0	-1	0
13806	datetime_precision	23	21	0	-1	0
13806	interval_type	1043	22	0	-1	0
13806	interval_precision	23	23	0	-1	0
13806	udt_catalog	19	24	0	-1	0
13806	udt_schema	19	25	0	-1	0
13806	udt_name	19	26	0	-1	0
13806	scope_catalog	19	27	0	-1	0
13806	scope_schema	19	28	0	-1	0
13806	scope_name	19	29	0	-1	0
13806	maximum_cardinality	23	30	0	-1	0
13806	dtd_identifier	19	31	0	-1	0
13806	parameter_default	1043	32	0	-1	0
13811	constraint_catalog	19	1	0	-1	0
13811	constraint_schema	19	2	0	-1	0
13811	constraint_name	19	3	0	-1	0
13811	unique_constraint_catalog	19	4	0	-1	0
13811	unique_constraint_schema	19	5	0	-1	0
13811	unique_constraint_name	19	6	0	-1	0
13811	match_option	1043	7	0	-1	0
13811	update_rule	1043	8	0	-1	0
13811	delete_rule	1043	9	0	-1	0
13816	grantor	19	1	0	-1	0
13816	grantee	19	2	0	-1	0
13816	table_catalog	19	3	0	-1	0
13816	table_schema	19	4	0	-1	0
13816	table_name	19	5	0	-1	0
13816	column_name	19	6	0	-1	0
13816	privilege_type	1043	7	0	-1	0
13816	is_grantable	1043	8	0	-1	0
13820	specific_catalog	19	1	0	-1	0
13820	specific_schema	19	2	0	-1	0
13820	specific_name	19	3	0	-1	0
13820	routine_catalog	19	4	0	-1	0
13820	routine_schema	19	5	0	-1	0
13820	routine_name	19	6	0	-1	0
13820	table_catalog	19	7	0	-1	0
13820	table_schema	19	8	0	-1	0
13820	table_name	19	9	0	-1	0
13820	column_name	19	10	0	-1	0
13825	grantor	19	1	0	-1	0
13825	grantee	19	2	0	-1	0
13825	specific_catalog	19	3	0	-1	0
13825	specific_schema	19	4	0	-1	0
13825	specific_name	19	5	0	-1	0
13825	routine_catalog	19	6	0	-1	0
13825	routine_schema	19	7	0	-1	0
13825	routine_name	19	8	0	-1	0
13825	privilege_type	1043	9	0	-1	0
13825	is_grantable	1043	10	0	-1	0
13830	grantor	19	1	0	-1	0
13830	grantee	19	2	0	-1	0
13830	specific_catalog	19	3	0	-1	0
13830	specific_schema	19	4	0	-1	0
13830	specific_name	19	5	0	-1	0
13830	routine_catalog	19	6	0	-1	0
13830	routine_schema	19	7	0	-1	0
13830	routine_name	19	8	0	-1	0
13830	privilege_type	1043	9	0	-1	0
13830	is_grantable	1043	10	0	-1	0
13834	specific_catalog	19	1	0	-1	0
13834	specific_schema	19	2	0	-1	0
13834	specific_name	19	3	0	-1	0
13834	routine_catalog	19	4	0	-1	0
13834	routine_schema	19	5	0	-1	0
13834	routine_name	19	6	0	-1	0
13839	specific_catalog	19	1	0	-1	0
13839	specific_schema	19	2	0	-1	0
13839	specific_name	19	3	0	-1	0
13839	routine_catalog	19	4	0	-1	0
13839	routine_schema	19	5	0	-1	0
13839	routine_name	19	6	0	-1	0
13839	sequence_catalog	19	7	0	-1	0
13839	sequence_schema	19	8	0	-1	0
13839	sequence_name	19	9	0	-1	0
13844	specific_catalog	19	1	0	-1	0
13844	specific_schema	19	2	0	-1	0
13844	specific_name	19	3	0	-1	0
13844	routine_catalog	19	4	0	-1	0
13844	routine_schema	19	5	0	-1	0
13844	routine_name	19	6	0	-1	0
13844	table_catalog	19	7	0	-1	0
13844	table_schema	19	8	0	-1	0
13844	table_name	19	9	0	-1	0
13849	specific_catalog	19	1	0	-1	0
13849	specific_schema	19	2	0	-1	0
13849	specific_name	19	3	0	-1	0
13849	routine_catalog	19	4	0	-1	0
13849	routine_schema	19	5	0	-1	0
13849	routine_name	19	6	0	-1	0
13849	routine_type	1043	7	0	-1	0
13849	module_catalog	19	8	0	-1	0
13849	module_schema	19	9	0	-1	0
13849	module_name	19	10	0	-1	0
13849	udt_catalog	19	11	0	-1	0
13849	udt_schema	19	12	0	-1	0
13849	udt_name	19	13	0	-1	0
13849	data_type	1043	14	0	-1	0
13849	character_maximum_length	23	15	0	-1	0
13849	character_octet_length	23	16	0	-1	0
13849	character_set_catalog	19	17	0	-1	0
13849	character_set_schema	19	18	0	-1	0
13849	character_set_name	19	19	0	-1	0
13849	collation_catalog	19	20	0	-1	0
13849	collation_schema	19	21	0	-1	0
13849	collation_name	19	22	0	-1	0
13849	numeric_precision	23	23	0	-1	0
13849	numeric_precision_radix	23	24	0	-1	0
13849	numeric_scale	23	25	0	-1	0
13849	datetime_precision	23	26	0	-1	0
13849	interval_type	1043	27	0	-1	0
13849	interval_precision	23	28	0	-1	0
13849	type_udt_catalog	19	29	0	-1	0
13849	type_udt_schema	19	30	0	-1	0
13849	type_udt_name	19	31	0	-1	0
13849	scope_catalog	19	32	0	-1	0
13849	scope_schema	19	33	0	-1	0
13849	scope_name	19	34	0	-1	0
13849	maximum_cardinality	23	35	0	-1	0
13849	dtd_identifier	19	36	0	-1	0
13849	routine_body	1043	37	0	-1	0
13849	routine_definition	1043	38	0	-1	0
13849	external_name	1043	39	0	-1	0
13849	external_language	1043	40	0	-1	0
13849	parameter_style	1043	41	0	-1	0
13849	is_deterministic	1043	42	0	-1	0
13849	sql_data_access	1043	43	0	-1	0
13849	is_null_call	1043	44	0	-1	0
13849	sql_path	1043	45	0	-1	0
13849	schema_level_routine	1043	46	0	-1	0
13849	max_dynamic_result_sets	23	47	0	-1	0
13849	is_user_defined_cast	1043	48	0	-1	0
13849	is_implicitly_invocable	1043	49	0	-1	0
13849	security_type	1043	50	0	-1	0
13849	to_sql_specific_catalog	19	51	0	-1	0
13849	to_sql_specific_schema	19	52	0	-1	0
13849	to_sql_specific_name	19	53	0	-1	0
13849	as_locator	1043	54	0	-1	0
13849	created	1184	55	0	-1	0
13849	last_altered	1184	56	0	-1	0
13849	new_savepoint_level	1043	57	0	-1	0
13849	is_udt_dependent	1043	58	0	-1	0
13849	result_cast_from_data_type	1043	59	0	-1	0
13849	result_cast_as_locator	1043	60	0	-1	0
13849	result_cast_char_max_length	23	61	0	-1	0
13849	result_cast_char_octet_length	23	62	0	-1	0
13849	result_cast_char_set_catalog	19	63	0	-1	0
13849	result_cast_char_set_schema	19	64	0	-1	0
13849	result_cast_char_set_name	19	65	0	-1	0
13849	result_cast_collation_catalog	19	66	0	-1	0
13849	result_cast_collation_schema	19	67	0	-1	0
13849	result_cast_collation_name	19	68	0	-1	0
13849	result_cast_numeric_precision	23	69	0	-1	0
13849	result_cast_numeric_precision_radix	23	70	0	-1	0
13849	result_cast_numeric_scale	23	71	0	-1	0
13849	result_cast_datetime_precision	23	72	0	-1	0
13849	result_cast_interval_type	1043	73	0	-1	0
13849	result_cast_interval_precision	23	74	0	-1	0
13849	result_cast_type_udt_catalog	19	75	0	-1	0
13849	result_cast_type_udt_schema	19	76	0	-1	0
13849	result_cast_type_udt_name	19	77	0	-1	0
13849	result_cast_scope_catalog	19	78	0	-1	0
13849	result_cast_scope_schema	19	79	0	-1	0
13849	result_cast_scope_name	19	80	0	-1	0
13849	result_cast_maximum_cardinality	23	81	0	-1	0
13849	result_cast_dtd_identifier	19	82	0	-1	0
13854	catalog_name	19	1	0	-1	0
13854	schema_name	19	2	0	-1	0
13854	schema_owner	19	3	0	-1	0
13854	default_character_set_catalog	19	4	0	-1	0
13854	default_character_set_schema	19	5	0	-1	0
13854	default_character_set_name	19	6	0	-1	0
13854	sql_path	1043	7	0	-1	0
13858	sequence_catalog	19	1	0	-1	0
13858	sequence_schema	19	2	0	-1	0
13858	sequence_name	19	3	0	-1	0
13858	data_type	1043	4	0	-1	0
13858	numeric_precision	23	5	0	-1	0
13858	numeric_precision_radix	23	6	0	-1	0
13858	numeric_scale	23	7	0	-1	0
13858	start_value	1043	8	0	-1	0
13858	minimum_value	1043	9	0	-1	0
13858	maximum_value	1043	10	0	-1	0
13858	increment	1043	11	0	-1	0
13858	cycle_option	1043	12	0	-1	0
13863	feature_id	1043	1	0	-1	0
13863	feature_name	1043	2	0	-1	0
13863	sub_feature_id	1043	3	0	-1	0
13863	sub_feature_name	1043	4	0	-1	0
13863	is_supported	1043	5	0	-1	0
13863	is_verified_by	1043	6	0	-1	0
13863	comments	1043	7	0	-1	0
13866	chunk_id	26	1	0	-1	0
13866	chunk_seq	23	2	0	-1	0
13866	chunk_data	17	3	0	-1	0
13867	chunk_id	26	1	0	-1	0
13867	chunk_seq	23	2	0	-1	0
13868	implementation_info_id	1043	1	0	-1	0
13868	implementation_info_name	1043	2	0	-1	0
13868	integer_value	23	3	0	-1	0
13868	character_value	1043	4	0	-1	0
13868	comments	1043	5	0	-1	0
13871	chunk_id	26	1	0	-1	0
13871	chunk_seq	23	2	0	-1	0
13871	chunk_data	17	3	0	-1	0
13872	chunk_id	26	1	0	-1	0
13872	chunk_seq	23	2	0	-1	0
13873	feature_id	1043	1	0	-1	0
13873	feature_name	1043	2	0	-1	0
13873	is_supported	1043	3	0	-1	0
13873	is_verified_by	1043	4	0	-1	0
13873	comments	1043	5	0	-1	0
13876	chunk_id	26	1	0	-1	0
13876	chunk_seq	23	2	0	-1	0
13876	chunk_data	17	3	0	-1	0
13877	chunk_id	26	1	0	-1	0
13877	chunk_seq	23	2	0	-1	0
13878	sizing_id	23	1	0	-1	0
13878	sizing_name	1043	2	0	-1	0
13878	supported_value	23	3	0	-1	0
13878	comments	1043	4	0	-1	0
13881	chunk_id	26	1	0	-1	0
13881	chunk_seq	23	2	0	-1	0
13881	chunk_data	17	3	0	-1	0
13882	chunk_id	26	1	0	-1	0
13882	chunk_seq	23	2	0	-1	0
13883	constraint_catalog	19	1	0	-1	0
13883	constraint_schema	19	2	0	-1	0
13883	constraint_name	19	3	0	-1	0
13883	table_catalog	19	4	0	-1	0
13883	table_schema	19	5	0	-1	0
13883	table_name	19	6	0	-1	0
13883	constraint_type	1043	7	0	-1	0
13883	is_deferrable	1043	8	0	-1	0
13883	initially_deferred	1043	9	0	-1	0
13883	enforced	1043	10	0	-1	0
13883	nulls_distinct	1043	11	0	-1	0
13888	grantor	19	1	0	-1	0
13888	grantee	19	2	0	-1	0
13888	table_catalog	19	3	0	-1	0
13888	table_schema	19	4	0	-1	0
13888	table_name	19	5	0	-1	0
13888	privilege_type	1043	6	0	-1	0
13888	is_grantable	1043	7	0	-1	0
13888	with_hierarchy	1043	8	0	-1	0
13893	grantor	19	1	0	-1	0
13893	grantee	19	2	0	-1	0
13893	table_catalog	19	3	0	-1	0
13893	table_schema	19	4	0	-1	0
13893	table_name	19	5	0	-1	0
13893	privilege_type	1043	6	0	-1	0
13893	is_grantable	1043	7	0	-1	0
13893	with_hierarchy	1043	8	0	-1	0
13897	table_catalog	19	1	0	-1	0
13897	table_schema	19	2	0	-1	0
13897	table_name	19	3	0	-1	0
13897	table_type	1043	4	0	-1	0
13897	self_referencing_column_name	19	5	0	-1	0
13897	reference_generation	1043	6	0	-1	0
13897	user_defined_type_catalog	19	7	0	-1	0
13897	user_defined_type_schema	19	8	0	-1	0
13897	user_defined_type_name	19	9	0	-1	0
13897	is_insertable_into	1043	10	0	-1	0
13897	is_typed	1043	11	0	-1	0
13897	commit_action	1043	12	0	-1	0
13902	udt_catalog	19	1	0	-1	0
13902	udt_schema	19	2	0	-1	0
13902	udt_name	19	3	0	-1	0
13902	specific_catalog	19	4	0	-1	0
13902	specific_schema	19	5	0	-1	0
13902	specific_name	19	6	0	-1	0
13902	group_name	19	7	0	-1	0
13902	transform_type	1043	8	0	-1	0
13907	trigger_catalog	19	1	0	-1	0
13907	trigger_schema	19	2	0	-1	0
13907	trigger_name	19	3	0	-1	0
13907	event_object_catalog	19	4	0	-1	0
13907	event_object_schema	19	5	0	-1	0
13907	event_object_table	19	6	0	-1	0
13907	event_object_column	19	7	0	-1	0
13912	trigger_catalog	19	1	0	-1	0
13912	trigger_schema	19	2	0	-1	0
13912	trigger_name	19	3	0	-1	0
13912	event_manipulation	1043	4	0	-1	0
13912	event_object_catalog	19	5	0	-1	0
13912	event_object_schema	19	6	0	-1	0
13912	event_object_table	19	7	0	-1	0
13912	action_order	23	8	0	-1	0
13912	action_condition	1043	9	0	-1	0
13912	action_statement	1043	10	0	-1	0
13912	action_orientation	1043	11	0	-1	0
13912	action_timing	1043	12	0	-1	0
13912	action_reference_old_table	19	13	0	-1	0
13912	action_reference_new_table	19	14	0	-1	0
13912	action_reference_old_row	19	15	0	-1	0
13912	action_reference_new_row	19	16	0	-1	0
13912	created	1184	17	0	-1	0
13917	grantor	19	1	0	-1	0
13917	grantee	19	2	0	-1	0
13917	udt_catalog	19	3	0	-1	0
13917	udt_schema	19	4	0	-1	0
13917	udt_name	19	5	0	-1	0
13917	privilege_type	1043	6	0	-1	0
13917	is_grantable	1043	7	0	-1	0
13922	grantor	19	1	0	-1	0
13922	grantee	19	2	0	-1	0
13922	udt_catalog	19	3	0	-1	0
13922	udt_schema	19	4	0	-1	0
13922	udt_name	19	5	0	-1	0
13922	privilege_type	1043	6	0	-1	0
13922	is_grantable	1043	7	0	-1	0
13926	grantor	19	1	0	-1	0
13926	grantee	19	2	0	-1	0
13926	object_catalog	19	3	0	-1	0
13926	object_schema	19	4	0	-1	0
13926	object_name	19	5	0	-1	0
13926	object_type	1043	6	0	-1	0
13926	privilege_type	1043	7	0	-1	0
13926	is_grantable	1043	8	0	-1	0
13931	grantor	19	1	0	-1	0
13931	grantee	19	2	0	-1	0
13931	object_catalog	19	3	0	-1	0
13931	object_schema	19	4	0	-1	0
13931	object_name	19	5	0	-1	0
13931	object_type	1043	6	0	-1	0
13931	privilege_type	1043	7	0	-1	0
13931	is_grantable	1043	8	0	-1	0
13935	user_defined_type_catalog	19	1	0	-1	0
13935	user_defined_type_schema	19	2	0	-1	0
13935	user_defined_type_name	19	3	0	-1	0
13935	user_defined_type_category	1043	4	0	-1	0
13935	is_instantiable	1043	5	0	-1	0
13935	is_final	1043	6	0	-1	0
13935	ordering_form	1043	7	0	-1	0
13935	ordering_category	1043	8	0	-1	0
13935	ordering_routine_catalog	19	9	0	-1	0
13935	ordering_routine_schema	19	10	0	-1	0
13935	ordering_routine_name	19	11	0	-1	0
13935	reference_type	1043	12	0	-1	0
13935	data_type	1043	13	0	-1	0
13935	character_maximum_length	23	14	0	-1	0
13935	character_octet_length	23	15	0	-1	0
13935	character_set_catalog	19	16	0	-1	0
13935	character_set_schema	19	17	0	-1	0
13935	character_set_name	19	18	0	-1	0
13935	collation_catalog	19	19	0	-1	0
13935	collation_schema	19	20	0	-1	0
13935	collation_name	19	21	0	-1	0
13935	numeric_precision	23	22	0	-1	0
13935	numeric_precision_radix	23	23	0	-1	0
13935	numeric_scale	23	24	0	-1	0
13935	datetime_precision	23	25	0	-1	0
13935	interval_type	1043	26	0	-1	0
13935	interval_precision	23	27	0	-1	0
13935	source_dtd_identifier	19	28	0	-1	0
13935	ref_dtd_identifier	19	29	0	-1	0
13940	view_catalog	19	1	0	-1	0
13940	view_schema	19	2	0	-1	0
13940	view_name	19	3	0	-1	0
13940	table_catalog	19	4	0	-1	0
13940	table_schema	19	5	0	-1	0
13940	table_name	19	6	0	-1	0
13940	column_name	19	7	0	-1	0
13945	table_catalog	19	1	0	-1	0
13945	table_schema	19	2	0	-1	0
13945	table_name	19	3	0	-1	0
13945	specific_catalog	19	4	0	-1	0
13945	specific_schema	19	5	0	-1	0
13945	specific_name	19	6	0	-1	0
13950	view_catalog	19	1	0	-1	0
13950	view_schema	19	2	0	-1	0
13950	view_name	19	3	0	-1	0
13950	table_catalog	19	4	0	-1	0
13950	table_schema	19	5	0	-1	0
13950	table_name	19	6	0	-1	0
13955	table_catalog	19	1	0	-1	0
13955	table_schema	19	2	0	-1	0
13955	table_name	19	3	0	-1	0
13955	view_definition	1043	4	0	-1	0
13955	check_option	1043	5	0	-1	0
13955	is_updatable	1043	6	0	-1	0
13955	is_insertable_into	1043	7	0	-1	0
13955	is_trigger_updatable	1043	8	0	-1	0
13955	is_trigger_deletable	1043	9	0	-1	0
13955	is_trigger_insertable_into	1043	10	0	-1	0
13960	object_catalog	19	1	0	-1	0
13960	object_schema	19	2	0	-1	0
13960	object_name	19	3	0	-1	0
13960	object_type	1043	4	0	-1	0
13960	dtd_identifier	19	5	0	-1	0
13965	object_catalog	19	1	0	-1	0
13965	object_schema	19	2	0	-1	0
13965	object_name	19	3	0	-1	0
13965	object_type	1043	4	0	-1	0
13965	collection_type_identifier	19	5	0	-1	0
13965	data_type	1043	6	0	-1	0
13965	character_maximum_length	23	7	0	-1	0
13965	character_octet_length	23	8	0	-1	0
13965	character_set_catalog	19	9	0	-1	0
13965	character_set_schema	19	10	0	-1	0
13965	character_set_name	19	11	0	-1	0
13965	collation_catalog	19	12	0	-1	0
13965	collation_schema	19	13	0	-1	0
13965	collation_name	19	14	0	-1	0
13965	numeric_precision	23	15	0	-1	0
13965	numeric_precision_radix	23	16	0	-1	0
13965	numeric_scale	23	17	0	-1	0
13965	datetime_precision	23	18	0	-1	0
13965	interval_type	1043	19	0	-1	0
13965	interval_precision	23	20	0	-1	0
13965	domain_default	1043	21	0	-1	0
13965	udt_catalog	19	22	0	-1	0
13965	udt_schema	19	23	0	-1	0
13965	udt_name	19	24	0	-1	0
13965	scope_catalog	19	25	0	-1	0
13965	scope_schema	19	26	0	-1	0
13965	scope_name	19	27	0	-1	0
13965	maximum_cardinality	23	28	0	-1	0
13965	dtd_identifier	19	29	0	-1	0
13970	nspname	19	1	0	-1	0
13970	relname	19	2	0	-1	0
13970	attname	19	3	0	-1	0
13970	attfdwoptions	1009	4	0	-1	0
13975	table_catalog	19	1	0	-1	0
13975	table_schema	19	2	0	-1	0
13975	table_name	19	3	0	-1	0
13975	column_name	19	4	0	-1	0
13975	option_name	19	5	0	-1	0
13975	option_value	1043	6	0	-1	0
13979	oid	26	1	0	-1	0
13979	fdwowner	26	2	0	-1	0
13979	fdwoptions	1009	3	0	-1	0
13979	foreign_data_wrapper_catalog	19	4	0	-1	0
13979	foreign_data_wrapper_name	19	5	0	-1	0
13979	authorization_identifier	19	6	0	-1	0
13979	foreign_data_wrapper_language	1043	7	0	-1	0
13983	foreign_data_wrapper_catalog	19	1	0	-1	0
13983	foreign_data_wrapper_name	19	2	0	-1	0
13983	option_name	19	3	0	-1	0
13983	option_value	1043	4	0	-1	0
13987	foreign_data_wrapper_catalog	19	1	0	-1	0
13987	foreign_data_wrapper_name	19	2	0	-1	0
13987	authorization_identifier	19	3	0	-1	0
13987	library_name	1043	4	0	-1	0
13987	foreign_data_wrapper_language	1043	5	0	-1	0
13991	oid	26	1	0	-1	0
13991	srvoptions	1009	2	0	-1	0
13991	foreign_server_catalog	19	3	0	-1	0
13991	foreign_server_name	19	4	0	-1	0
13991	foreign_data_wrapper_catalog	19	5	0	-1	0
13991	foreign_data_wrapper_name	19	6	0	-1	0
13991	foreign_server_type	1043	7	0	-1	0
13991	foreign_server_version	1043	8	0	-1	0
13991	authorization_identifier	19	9	0	-1	0
13996	foreign_server_catalog	19	1	0	-1	0
13996	foreign_server_name	19	2	0	-1	0
13996	option_name	19	3	0	-1	0
13996	option_value	1043	4	0	-1	0
14000	foreign_server_catalog	19	1	0	-1	0
14000	foreign_server_name	19	2	0	-1	0
14000	foreign_data_wrapper_catalog	19	3	0	-1	0
14000	foreign_data_wrapper_name	19	4	0	-1	0
14000	foreign_server_type	1043	5	0	-1	0
14000	foreign_server_version	1043	6	0	-1	0
14000	authorization_identifier	19	7	0	-1	0
14004	foreign_table_catalog	19	1	0	-1	0
14004	foreign_table_schema	19	2	0	-1	0
14004	foreign_table_name	19	3	0	-1	0
14004	ftoptions	1009	4	0	-1	0
14004	foreign_server_catalog	19	5	0	-1	0
14004	foreign_server_name	19	6	0	-1	0
14004	authorization_identifier	19	7	0	-1	0
14009	foreign_table_catalog	19	1	0	-1	0
14009	foreign_table_schema	19	2	0	-1	0
14009	foreign_table_name	19	3	0	-1	0
14009	option_name	19	4	0	-1	0
14009	option_value	1043	5	0	-1	0
14013	foreign_table_catalog	19	1	0	-1	0
14013	foreign_table_schema	19	2	0	-1	0
14013	foreign_table_name	19	3	0	-1	0
14013	foreign_server_catalog	19	4	0	-1	0
14013	foreign_server_name	19	5	0	-1	0
14017	oid	26	1	0	-1	0
14017	umoptions	1009	2	0	-1	0
14017	umuser	26	3	0	-1	0
14017	authorization_identifier	19	4	0	-1	0
14017	foreign_server_catalog	19	5	0	-1	0
14017	foreign_server_name	19	6	0	-1	0
14017	srvowner	19	7	0	-1	0
14022	authorization_identifier	19	1	0	-1	0
14022	foreign_server_catalog	19	2	0	-1	0
14022	foreign_server_name	19	3	0	-1	0
14022	option_name	19	4	0	-1	0
14022	option_value	1043	5	0	-1	0
14027	authorization_identifier	19	1	0	-1	0
14027	foreign_server_catalog	19	2	0	-1	0
14027	foreign_server_name	19	3	0	-1	0
