112	pg_foreign_data_wrapper_oid_index	pg_catalog	i	1	0	0	0	403	0	p	0	0	112	0
113	pg_foreign_server_oid_index	pg_catalog	i	1	0	0	0	403	0	p	0	0	113	0
174	pg_user_mapping_oid_index	pg_catalog	i	1	0	0	0	403	0	p	0	0	174	0
175	pg_user_mapping_user_server_index	pg_catalog	i	2	0	0	0	403	0	p	0	0	175	0
548	pg_foreign_data_wrapper_name_index	pg_catalog	i	1	0	0	0	403	0	p	0	0	548	0
549	pg_foreign_server_name_index	pg_catalog	i	1	0	0	0	403	0	p	0	0	549	0
826	pg_default_acl	pg_catalog	r	5	1	0	10088	2	4143	p	0	0	826	0
827	pg_default_acl_role_nsp_obj_index	pg_catalog	i	3	0	0	0	403	0	p	0	0	827	0
828	pg_default_acl_oid_index	pg_catalog	i	1	0	0	0	403	0	p	0	0	828	0
1213	pg_tablespace	pg_catalog	r	5	1	1	10056	2	4185	p	0	0	0	1664
1214	pg_shdepend	pg_catalog	r	7	1	1	10060	2	0	p	0	0	0	1664
1232	pg_shdepend_depender_index	pg_catalog	i	4	0	1	0	403	0	p	0	0	0	1664
1233	pg_shdepend_reference_index	pg_catalog	i	2	0	1	0	403	0	p	0	0	0	1664
1247	pg_type	pg_catalog	r	32	1	0	71	2	4171	p	0	0	0	0
1249	pg_attribute	pg_catalog	r	26	1	0	75	2	0	p	0	0	0	0
1255	pg_proc	pg_catalog	r	30	1	0	81	2	2836	p	0	0	0	0
1259	pg_class	pg_catalog	r	33	1	0	83	2	0	p	0	0	0	0
1260	pg_authid	pg_catalog	r	12	1	1	2842	2	4175	p	0	0	0	1664
1261	pg_auth_members	pg_catalog	r	4	1	1	2843	2	0	p	0	0	0	1664
1262	pg_database	pg_catalog	r	16	1	1	1248	2	4177	p	0	0	0	1664
1417	pg_foreign_server	pg_catalog	r	8	1	0	10078	2	4151	p	0	0	1417	0
1418	pg_user_mapping	pg_catalog	r	4	1	0	10080	2	4173	p	0	0	1418	0
2187	pg_inherits_parent_index	pg_catalog	i	1	0	0	0	403	0	p	0	0	2187	0
2224	pg_sequence	pg_catalog	r	8	1	0	10105	2	0	p	0	0	2224	0
2228	pg_range_rngmultitypid_index	pg_catalog	i	1	0	0	0	403	0	p	0	0	2228	0
2328	pg_foreign_data_wrapper	pg_catalog	r	7	1	0	10076	2	4149	p	0	0	2328	0
2336	pg_toast_2620	pg_toast	t	3	1	0	0	2	0	p	0	0	2336	0
2337	pg_toast_2620_index	pg_toast	i	2	0	0	0	403	0	p	0	0	2337	0
2396	pg_shdescription	pg_catalog	r	3	1	1	10062	2	2846	p	0	0	0	1664
2397	pg_shdescription_o_c_index	pg_catalog	i	2	0	1	0	403	0	p	0	0	0	1664
2579	pg_constraint_conparentid_index	pg_catalog	i	1	0	0	0	403	0	p	0	0	2579	0
2600	pg_aggregate	pg_catalog	r	22	1	0	10027	2	4159	p	0	0	2600	0
2601	pg_am	pg_catalog	r	4	1	0	10015	2	0	p	0	0	2601	0
2602	pg_amop	pg_catalog	r	9	1	0	10017	2	0	p	0	0	2602	0
2603	pg_amproc	pg_catalog	r	6	1	0	10019	2	0	p	0	0	2603	0
2604	pg_attrdef	pg_catalog	r	4	1	0	10001	2	2830	p	0	0	2604	0
2605	pg_cast	pg_catalog	r	6	1	0	10043	2	0	p	0	0	2605	0
2606	pg_constraint	pg_catalog	r	26	1	0	10003	2	2832	p	0	0	2606	0
2607	pg_conversion	pg_catalog	r	8	1	0	10049	2	0	p	0	0	2607	0
2608	pg_depend	pg_catalog	r	7	1	0	10051	2	0	p	0	0	2608	0
2609	pg_description	pg_catalog	r	4	1	0	10041	2	2834	p	0	0	2609	0
2610	pg_index	pg_catalog	r	21	1	0	10007	2	0	p	0	0	2610	0
2611	pg_inherits	pg_catalog	r	4	1	0	10005	2	0	p	0	0	2611	0
2612	pg_language	pg_catalog	r	9	1	0	10021	2	4157	p	0	0	2612	0
2613	pg_largeobject	pg_catalog	r	3	1	0	10025	2	0	p	0	0	2613	0
2615	pg_namespace	pg_catalog	r	4	1	0	10047	2	4163	p	0	0	2615	0
2616	pg_opclass	pg_catalog	r	9	1	0	10013	2	0	p	0	0	2616	0
2617	pg_operator	pg_catalog	r	15	1	0	10009	2	0	p	0	0	2617	0
2618	pg_rewrite	pg_catalog	r	8	1	0	10035	2	2838	p	0	0	2618	0
2619	pg_statistic	pg_catalog	r	31	1	0	10029	2	2840	p	0	0	2619	0
2620	pg_trigger	pg_catalog	r	19	1	0	10037	2	2336	p	0	0	2620	0
2650	pg_aggregate_fnoid_index	pg_catalog	i	1	0	0	0	403	0	p	0	0	2650	0
2651	pg_am_name_index	pg_catalog	i	1	0	0	0	403	0	p	0	0	2651	0
2652	pg_am_oid_index	pg_catalog	i	1	0	0	0	403	0	p	0	0	2652	0
2653	pg_amop_fam_strat_index	pg_catalog	i	4	0	0	0	403	0	p	0	0	2653	0
2654	pg_amop_opr_fam_index	pg_catalog	i	3	0	0	0	403	0	p	0	0	2654	0
2655	pg_amproc_fam_proc_index	pg_catalog	i	4	0	0	0	403	0	p	0	0	2655	0
2656	pg_attrdef_adrelid_adnum_index	pg_catalog	i	2	0	0	0	403	0	p	0	0	2656	0
2657	pg_attrdef_oid_index	pg_catalog	i	1	0	0	0	403	0	p	0	0	2657	0
2658	pg_attribute_relid_attnam_index	pg_catalog	i	2	0	0	0	403	0	p	0	0	0	0
2659	pg_attribute_relid_attnum_index	pg_catalog	i	2	0	0	0	403	0	p	0	0	0	0
2660	pg_cast_oid_index	pg_catalog	i	1	0	0	0	403	0	p	0	0	2660	0
2661	pg_cast_source_target_index	pg_catalog	i	2	0	0	0	403	0	p	0	0	2661	0
2662	pg_class_oid_index	pg_catalog	i	1	0	0	0	403	0	p	0	0	0	0
2663	pg_class_relname_nsp_index	pg_catalog	i	2	0	0	0	403	0	p	0	0	0	0
2664	pg_constraint_conname_nsp_index	pg_catalog	i	2	0	0	0	403	0	p	0	0	2664	0
2665	pg_constraint_conrelid_contypid_conname_index	pg_catalog	i	3	0	0	0	403	0	p	0	0	2665	0
2666	pg_constraint_contypid_index	pg_catalog	i	1	0	0	0	403	0	p	0	0	2666	0
2667	pg_constraint_oid_index	pg_catalog	i	1	0	0	0	403	0	p	0	0	2667	0
2668	pg_conversion_default_index	pg_catalog	i	4	0	0	0	403	0	p	0	0	2668	0
2669	pg_conversion_name_nsp_index	pg_catalog	i	2	0	0	0	403	0	p	0	0	2669	0
2670	pg_conversion_oid_index	pg_catalog	i	1	0	0	0	403	0	p	0	0	2670	0
2671	pg_database_datname_index	pg_catalog	i	1	0	1	0	403	0	p	0	0	0	1664
2672	pg_database_oid_index	pg_catalog	i	1	0	1	0	403	0	p	0	0	0	1664
2673	pg_depend_depender_index	pg_catalog	i	3	0	0	0	403	0	p	0	0	2673	0
2674	pg_depend_reference_index	pg_catalog	i	3	0	0	0	403	0	p	0	0	2674	0
2675	pg_description_o_c_o_index	pg_catalog	i	3	0	0	0	403	0	p	0	0	2675	0
2676	pg_authid_rolname_index	pg_catalog	i	1	0	1	0	403	0	p	0	0	0	1664
2677	pg_authid_oid_index	pg_catalog	i	1	0	1	0	403	0	p	0	0	0	1664
2678	pg_index_indrelid_index	pg_catalog	i	1	0	0	0	403	0	p	0	0	2678	0
2679	pg_index_indexrelid_index	pg_catalog	i	1	0	0	0	403	0	p	0	0	2679	0
2680	pg_inherits_relid_seqno_index	pg_catalog	i	2	0	0	0	403	0	p	0	0	2680	0
2681	pg_language_name_index	pg_catalog	i	1	0	0	0	403	0	p	0	0	2681	0
2682	pg_language_oid_index	pg_catalog	i	1	0	0	0	403	0	p	0	0	2682	0
2683	pg_largeobject_loid_pn_index	pg_catalog	i	2	0	0	0	403	0	p	0	0	2683	0
2684	pg_namespace_nspname_index	pg_catalog	i	1	0	0	0	403	0	p	0	0	2684	0
2685	pg_namespace_oid_index	pg_catalog	i	1	0	0	0	403	0	p	0	0	2685	0
2686	pg_opclass_am_name_nsp_index	pg_catalog	i	3	0	0	0	403	0	p	0	0	2686	0
2687	pg_opclass_oid_index	pg_catalog	i	1	0	0	0	403	0	p	0	0	2687	0
2688	pg_operator_oid_index	pg_catalog	i	1	0	0	0	403	0	p	0	0	2688	0
2689	pg_operator_oprname_l_r_n_index	pg_catalog	i	4	0	0	0	403	0	p	0	0	2689	0
2690	pg_proc_oid_index	pg_catalog	i	1	0	0	0	403	0	p	0	0	0	0
2691	pg_proc_proname_args_nsp_index	pg_catalog	i	3	0	0	0	403	0	p	0	0	0	0
2692	pg_rewrite_oid_index	pg_catalog	i	1	0	0	0	403	0	p	0	0	2692	0
2693	pg_rewrite_rel_rulename_index	pg_catalog	i	2	0	0	0	403	0	p	0	0	2693	0
2694	pg_auth_members_role_member_index	pg_catalog	i	2	0	1	0	403	0	p	0	0	0	1664
2695	pg_auth_members_member_role_index	pg_catalog	i	2	0	1	0	403	0	p	0	0	0	1664
2696	pg_statistic_relid_att_inh_index	pg_catalog	i	3	0	0	0	403	0	p	0	0	2696	0
2697	pg_tablespace_oid_index	pg_catalog	i	1	0	1	0	403	0	p	0	0	0	1664
2698	pg_tablespace_spcname_index	pg_catalog	i	1	0	1	0	403	0	p	0	0	0	1664
2699	pg_trigger_tgconstraint_index	pg_catalog	i	1	0	0	0	403	0	p	0	0	2699	0
2701	pg_trigger_tgrelid_tgname_index	pg_catalog	i	2	0	0	0	403	0	p	0	0	2701	0
2702	pg_trigger_oid_index	pg_catalog	i	1	0	0	0	403	0	p	0	0	2702	0
2703	pg_type_oid_index	pg_catalog	i	1	0	0	0	403	0	p	0	0	0	0
2704	pg_type_typname_nsp_index	pg_catalog	i	2	0	0	0	403	0	p	0	0	0	0
2753	pg_opfamily	pg_catalog	r	5	1	0	10011	2	0	p	0	0	2753	0
2754	pg_opfamily_am_name_nsp_index	pg_catalog	i	3	0	0	0	403	0	p	0	0	2754	0
2755	pg_opfamily_oid_index	pg_catalog	i	1	0	0	0	403	0	p	0	0	2755	0
2756	pg_amop_oid_index	pg_catalog	i	1	0	0	0	403	0	p	0	0	2756	0
2757	pg_amproc_oid_index	pg_catalog	i	1	0	0	0	403	0	p	0	0	2757	0
2830	pg_toast_2604	pg_toast	t	3	1	0	0	2	0	p	0	0	2830	0
2831	pg_toast_2604_index	pg_toast	i	2	0	0	0	403	0	p	0	0	2831	0
2832	pg_toast_2606	pg_toast	t	3	1	0	0	2	0	p	0	0	2832	0
2833	pg_toast_2606_index	pg_toast	i	2	0	0	0	403	0	p	0	0	2833	0
2834	pg_toast_2609	pg_toast	t	3	1	0	0	2	0	p	0	0	2834	0
2835	pg_toast_2609_index	pg_toast	i	2	0	0	0	403	0	p	0	0	2835	0
2836	pg_toast_1255	pg_toast	t	3	1	0	0	2	0	p	0	0	0	0
2837	pg_toast_1255_index	pg_toast	i	2	0	0	0	403	0	p	0	0	0	0
2838	pg_toast_2618	pg_toast	t	3	1	0	0	2	0	p	0	0	2838	0
2839	pg_toast_2618_index	pg_toast	i	2	0	0	0	403	0	p	0	0	2839	0
2840	pg_toast_2619	pg_toast	t	3	1	0	0	2	0	p	0	0	2840	0
2841	pg_toast_2619_index	pg_toast	i	2	0	0	0	403	0	p	0	0	2841	0
2846	pg_toast_2396	pg_toast	t	3	1	1	0	2	0	p	0	0	0	1664
2847	pg_toast_2396_index	pg_toast	i	2	0	1	0	403	0	p	0	0	0	1664
2964	pg_db_role_setting	pg_catalog	r	3	1	1	10054	2	2966	p	0	0	0	1664
2965	pg_db_role_setting_databaseid_rol_index	pg_catalog	i	2	0	1	0	403	0	p	0	0	0	1664
2966	pg_toast_2964	pg_toast	t	3	1	1	0	2	0	p	0	0	0	1664
2967	pg_toast_2964_index	pg_toast	i	2	0	1	0	403	0	p	0	0	0	1664
2995	pg_largeobject_metadata	pg_catalog	r	3	1	0	10023	2	0	p	0	0	2995	0
2996	pg_largeobject_metadata_oid_index	pg_catalog	i	1	0	0	0	403	0	p	0	0	2996	0
3079	pg_extension	pg_catalog	r	8	1	0	10074	2	4147	p	0	0	3079	0
3080	pg_extension_oid_index	pg_catalog	i	1	0	0	0	403	0	p	0	0	3080	0
3081	pg_extension_name_index	pg_catalog	i	1	0	0	0	403	0	p	0	0	3081	0
3085	pg_collation_oid_index	pg_catalog	i	1	0	0	0	403	0	p	0	0	3085	0
3118	pg_foreign_table	pg_catalog	r	3	1	0	10082	2	4153	p	0	0	3118	0
3119	pg_foreign_table_relid_index	pg_catalog	i	1	0	0	0	403	0	p	0	0	3119	0
3164	pg_collation_name_enc_nsp_index	pg_catalog	i	3	0	0	0	403	0	p	0	0	3164	0
3256	pg_policy	pg_catalog	r	8	1	0	10084	2	4167	p	0	0	3256	0
3257	pg_policy_oid_index	pg_catalog	i	1	0	0	0	403	0	p	0	0	3257	0
3258	pg_policy_polrelid_polname_index	pg_catalog	i	2	0	0	0	403	0	p	0	0	3258	0
3350	pg_partitioned_table	pg_catalog	r	8	1	0	10099	2	4165	p	0	0	3350	0
3351	pg_partitioned_table_partrelid_index	pg_catalog	i	1	0	0	0	403	0	p	0	0	3351	0
3379	pg_statistic_ext_relid_index	pg_catalog	i	1	0	0	0	403	0	p	0	0	3379	0
3380	pg_statistic_ext_oid_index	pg_catalog	i	1	0	0	0	403	0	p	0	0	3380	0
3381	pg_statistic_ext	pg_catalog	r	9	1	0	10031	2	3439	p	0	0	3381	0
3394	pg_init_privs	pg_catalog	r	5	1	0	10090	2	4155	p	0	0	3394	0
3395	pg_init_privs_o_c_o_index	pg_catalog	i	3	0	0	0	403	0	p	0	0	3395	0
3429	pg_statistic_ext_data	pg_catalog	r	6	1	0	10033	2	3430	p	0	0	3429	0
3430	pg_toast_3429	pg_toast	t	3	1	0	0	2	0	p	0	0	3430	0
3431	pg_toast_3429_index	pg_toast	i	2	0	0	0	403	0	p	0	0	3431	0
3433	pg_statistic_ext_data_stxoid_inh_index	pg_catalog	i	2	0	0	0	403	0	p	0	0	3433	0
3439	pg_toast_3381	pg_toast	t	3	1	0	0	2	0	p	0	0	3439	0
3440	pg_toast_3381_index	pg_toast	i	2	0	0	0	403	0	p	0	0	3440	0
3455	pg_class_tblspc_relfilenode_index	pg_catalog	i	2	0	0	0	403	0	p	0	0	0	0
3456	pg_collation	pg_catalog	r	11	1	0	10095	2	6175	p	0	0	3456	0
3466	pg_event_trigger	pg_catalog	r	7	1	0	10039	2	4145	p	0	0	3466	0
3467	pg_event_trigger_evtname_index	pg_catalog	i	1	0	0	0	403	0	p	0	0	3467	0
3468	pg_event_trigger_oid_index	pg_catalog	i	1	0	0	0	403	0	p	0	0	3468	0
3501	pg_enum	pg_catalog	r	4	1	0	10045	2	0	p	0	0	3501	0
3502	pg_enum_oid_index	pg_catalog	i	1	0	0	0	403	0	p	0	0	3502	0
3503	pg_enum_typid_label_index	pg_catalog	i	2	0	0	0	403	0	p	0	0	3503	0
3534	pg_enum_typid_sortorder_index	pg_catalog	i	2	0	0	0	403	0	p	0	0	3534	0
3541	pg_range	pg_catalog	r	7	1	0	10101	2	0	p	0	0	3541	0
3542	pg_range_rngtypid_index	pg_catalog	i	1	0	0	0	403	0	p	0	0	3542	0
3574	pg_transform_oid_index	pg_catalog	i	1	0	0	0	403	0	p	0	0	3574	0
3575	pg_transform_type_lang_index	pg_catalog	i	2	0	0	0	403	0	p	0	0	3575	0
3576	pg_transform	pg_catalog	r	5	1	0	10103	2	0	p	0	0	3576	0
3592	pg_shseclabel	pg_catalog	r	4	1	1	4066	2	4060	p	0	0	0	1664
3593	pg_shseclabel_object_index	pg_catalog	i	3	0	1	0	403	0	p	0	0	0	1664
3596	pg_seclabel	pg_catalog	r	5	1	0	10092	2	3598	p	0	0	3596	0
3597	pg_seclabel_object_index	pg_catalog	i	4	0	0	0	403	0	p	0	0	3597	0
3598	pg_toast_3596	pg_toast	t	3	1	0	0	2	0	p	0	0	3598	0
3599	pg_toast_3596_index	pg_toast	i	2	0	0	0	403	0	p	0	0	3599	0
3600	pg_ts_dict	pg_catalog	r	6	1	0	10068	2	4169	p	0	0	3600	0
3601	pg_ts_parser	pg_catalog	r	8	1	0	10070	2	0	p	0	0	3601	0
3602	pg_ts_config	pg_catalog	r	5	1	0	10064	2	0	p	0	0	3602	0
3603	pg_ts_config_map	pg_catalog	r	4	1	0	10066	2	0	p	0	0	3603	0
3604	pg_ts_dict_dictname_index	pg_catalog	i	2	0	0	0	403	0	p	0	0	3604	0
3605	pg_ts_dict_oid_index	pg_catalog	i	1	0	0	0	403	0	p	0	0	3605	0
3606	pg_ts_parser_prsname_index	pg_catalog	i	2	0	0	0	403	0	p	0	0	3606	0
3607	pg_ts_parser_oid_index	pg_catalog	i	1	0	0	0	403	0	p	0	0	3607	0
3608	pg_ts_config_cfgname_index	pg_catalog	i	2	0	0	0	403	0	p	0	0	3608	0
3609	pg_ts_config_map_index	pg_catalog	i	3	0	0	0	403	0	p	0	0	3609	0
3712	pg_ts_config_oid_index	pg_catalog	i	1	0	0	0	403	0	p	0	0	3712	0
3764	pg_ts_template	pg_catalog	r	5	1	0	10072	2	0	p	0	0	3764	0
3766	pg_ts_template_tmplname_index	pg_catalog	i	2	0	0	0	403	0	p	0	0	3766	0
3767	pg_ts_template_oid_index	pg_catalog	i	1	0	0	0	403	0	p	0	0	3767	0
3997	pg_statistic_ext_name_index	pg_catalog	i	2	0	0	0	403	0	p	0	0	3997	0
4060	pg_toast_3592	pg_toast	t	3	1	1	0	2	0	p	0	0	0	1664
4061	pg_toast_3592_index	pg_toast	i	2	0	1	0	403	0	p	0	0	0	1664
4143	pg_toast_826	pg_toast	t	3	1	0	0	2	0	p	0	0	4143	0
4144	pg_toast_826_index	pg_toast	i	2	0	0	0	403	0	p	0	0	4144	0
4145	pg_toast_3466	pg_toast	t	3	1	0	0	2	0	p	0	0	4145	0
4146	pg_toast_3466_index	pg_toast	i	2	0	0	0	403	0	p	0	0	4146	0
4147	pg_toast_3079	pg_toast	t	3	1	0	0	2	0	p	0	0	4147	0
4148	pg_toast_3079_index	pg_toast	i	2	0	0	0	403	0	p	0	0	4148	0
4149	pg_toast_2328	pg_toast	t	3	1	0	0	2	0	p	0	0	4149	0
4150	pg_toast_2328_index	pg_toast	i	2	0	0	0	403	0	p	0	0	4150	0
4151	pg_toast_1417	pg_toast	t	3	1	0	0	2	0	p	0	0	4151	0
4152	pg_toast_1417_index	pg_toast	i	2	0	0	0	403	0	p	0	0	4152	0
4153	pg_toast_3118	pg_toast	t	3	1	0	0	2	0	p	0	0	4153	0
4154	pg_toast_3118_index	pg_toast	i	2	0	0	0	403	0	p	0	0	4154	0
4155	pg_toast_3394	pg_toast	t	3	1	0	0	2	0	p	0	0	4155	0
4156	pg_toast_3394_index	pg_toast	i	2	0	0	0	403	0	p	0	0	4156	0
4157	pg_toast_2612	pg_toast	t	3	1	0	0	2	0	p	0	0	4157	0
4158	pg_toast_2612_index	pg_toast	i	2	0	0	0	403	0	p	0	0	4158	0
4159	pg_toast_2600	pg_toast	t	3	1	0	0	2	0	p	0	0	4159	0
4160	pg_toast_2600_index	pg_toast	i	2	0	0	0	403	0	p	0	0	4160	0
4163	pg_toast_2615	pg_toast	t	3	1	0	0	2	0	p	0	0	4163	0
4164	pg_toast_2615_index	pg_toast	i	2	0	0	0	403	0	p	0	0	4164	0
4165	pg_toast_3350	pg_toast	t	3	1	0	0	2	0	p	0	0	4165	0
4166	pg_toast_3350_index	pg_toast	i	2	0	0	0	403	0	p	0	0	4166	0
4167	pg_toast_3256	pg_toast	t	3	1	0	0	2	0	p	0	0	4167	0
4168	pg_toast_3256_index	pg_toast	i	2	0	0	0	403	0	p	0	0	4168	0
4169	pg_toast_3600	pg_toast	t	3	1	0	0	2	0	p	0	0	4169	0
4170	pg_toast_3600_index	pg_toast	i	2	0	0	0	403	0	p	0	0	4170	0
4171	pg_toast_1247	pg_toast	t	3	1	0	0	2	0	p	0	0	0	0
4172	pg_toast_1247_index	pg_toast	i	2	0	0	0	403	0	p	0	0	0	0
4173	pg_toast_1418	pg_toast	t	3	1	0	0	2	0	p	0	0	4173	0
4174	pg_toast_1418_index	pg_toast	i	2	0	0	0	403	0	p	0	0	4174	0
4175	pg_toast_1260	pg_toast	t	3	1	1	0	2	0	p	0	0	0	1664
4176	pg_toast_1260_index	pg_toast	i	2	0	1	0	403	0	p	0	0	0	1664
4177	pg_toast_1262	pg_toast	t	3	1	1	0	2	0	p	0	0	0	1664
4178	pg_toast_1262_index	pg_toast	i	2	0	1	0	403	0	p	0	0	0	1664
4181	pg_toast_6000	pg_toast	t	3	1	1	0	2	0	p	0	0	0	1664
4182	pg_toast_6000_index	pg_toast	i	2	0	1	0	403	0	p	0	0	0	1664
4183	pg_toast_6100	pg_toast	t	3	1	1	0	2	0	p	0	0	0	1664
4184	pg_toast_6100_index	pg_toast	i	2	0	1	0	403	0	p	0	0	0	1664
4185	pg_toast_1213	pg_toast	t	3	1	1	0	2	0	p	0	0	0	1664
4186	pg_toast_1213_index	pg_toast	i	2	0	1	0	403	0	p	0	0	0	1664
5002	pg_sequence_seqrelid_index	pg_catalog	i	1	0	0	0	403	0	p	0	0	5002	0
6000	pg_replication_origin	pg_catalog	r	2	1	1	10086	2	4181	p	0	0	0	1664
6001	pg_replication_origin_roiident_index	pg_catalog	i	1	0	1	0	403	0	p	0	0	0	1664
6002	pg_replication_origin_roname_index	pg_catalog	i	1	0	1	0	403	0	p	0	0	0	1664
6100	pg_subscription	pg_catalog	r	14	1	1	6101	2	4183	p	0	0	0	1664
6102	pg_subscription_rel	pg_catalog	r	4	1	0	10114	2	0	p	0	0	6102	0
6104	pg_publication	pg_catalog	r	9	1	0	10107	2	0	p	0	0	6104	0
6106	pg_publication_rel	pg_catalog	r	5	1	0	10111	2	6228	p	0	0	6106	0
6110	pg_publication_oid_index	pg_catalog	i	1	0	0	0	403	0	p	0	0	6110	0
6111	pg_publication_pubname_index	pg_catalog	i	1	0	0	0	403	0	p	0	0	6111	0
6112	pg_publication_rel_oid_index	pg_catalog	i	1	0	0	0	403	0	p	0	0	6112	0
6113	pg_publication_rel_prrelid_prpubid_index	pg_catalog	i	2	0	0	0	403	0	p	0	0	6113	0
6114	pg_subscription_oid_index	pg_catalog	i	1	0	1	0	403	0	p	0	0	0	1664
6115	pg_subscription_subname_index	pg_catalog	i	2	0	1	0	403	0	p	0	0	0	1664
6116	pg_publication_rel_prpubid_index	pg_catalog	i	1	0	0	0	403	0	p	0	0	6116	0
6117	pg_subscription_rel_srrelid_srsubid_index	pg_catalog	i	2	0	0	0	403	0	p	0	0	6117	0
6175	pg_toast_3456	pg_toast	t	3	1	0	0	2	0	p	0	0	6175	0
6176	pg_toast_3456_index	pg_toast	i	2	0	0	0	403	0	p	0	0	6176	0
6228	pg_toast_6106	pg_toast	t	3	1	0	0	2	0	p	0	0	6228	0
6229	pg_toast_6106_index	pg_toast	i	2	0	0	0	403	0	p	0	0	6229	0
6237	pg_publication_namespace	pg_catalog	r	3	1	0	10109	2	0	p	0	0	6237	0
6238	pg_publication_namespace_oid_index	pg_catalog	i	1	0	0	0	403	0	p	0	0	6238	0
6239	pg_publication_namespace_pnnspid_pnpubid_index	pg_catalog	i	2	0	0	0	403	0	p	0	0	6239	0
6243	pg_parameter_acl	pg_catalog	r	3	1	1	10097	2	6244	p	0	0	0	1664
6244	pg_toast_6243	pg_toast	t	3	1	1	0	2	0	p	0	0	0	1664
6245	pg_toast_6243_index	pg_toast	i	2	0	1	0	403	0	p	0	0	0	1664
6246	pg_parameter_acl_parname_index	pg_catalog	i	1	0	1	0	403	0	p	0	0	0	1664
6247	pg_parameter_acl_oid_index	pg_catalog	i	1	0	1	0	403	0	p	0	0	0	1664
12000	pg_roles	pg_catalog	v	13	0	0	12002	0	0	p	1	0	0	0
12005	pg_shadow	pg_catalog	v	9	0	0	12007	0	0	p	1	0	0	0
12010	pg_group	pg_catalog	v	3	0	0	12012	0	0	p	1	0	0	0
12014	pg_user	pg_catalog	v	9	0	0	12016	0	0	p	1	0	0	0
12018	pg_policies	pg_catalog	v	8	0	0	12020	0	0	p	1	0	0	0
12023	pg_rules	pg_catalog	v	4	0	0	12025	0	0	p	1	0	0	0
12028	pg_views	pg_catalog	v	4	0	0	12030	0	0	p	1	0	0	0
12033	pg_tables	pg_catalog	v	8	0	0	12035	0	0	p	1	0	0	0
12038	pg_matviews	pg_catalog	v	7	0	0	12040	0	0	p	1	0	0	0
12043	pg_indexes	pg_catalog	v	5	0	0	12045	0	0	p	1	0	0	0
12048	pg_sequences	pg_catalog	v	11	0	0	12050	0	0	p	1	0	0	0
12053	pg_stats	pg_catalog	v	14	0	0	12055	0	0	p	1	0	0	0
12058	pg_stats_ext	pg_catalog	v	15	0	0	12060	0	0	p	1	0	0	0
12063	pg_stats_ext_exprs	pg_catalog	v	17	0	0	12065	0	0	p	1	0	0	0
12068	pg_publication_tables	pg_catalog	v	5	0	0	12070	0	0	p	1	0	0	0
12073	pg_locks	pg_catalog	v	16	0	0	12075	0	0	p	1	0	0	0
12077	pg_cursors	pg_catalog	v	6	0	0	12079	0	0	p	1	0	0	0
12081	pg_available_extensions	pg_catalog	v	4	0	0	12083	0	0	p	1	0	0	0
12085	pg_available_extension_versions	pg_catalog	v	9	0	0	12087	0	0	p	1	0	0	0
12090	pg_prepared_xacts	pg_catalog	v	5	0	0	12092	0	0	p	1	0	0	0
12095	pg_prepared_statements	pg_catalog	v	7	0	0	12097	0	0	p	1	0	0	0
12099	pg_seclabels	pg_catalog	v	8	0	0	12101	0	0	p	1	0	0	0
12104	pg_settings	pg_catalog	v	17	0	0	12106	0	0	p	1	0	0	0
12110	pg_file_settings	pg_catalog	v	7	0	0	12112	0	0	p	1	0	0	0
12114	pg_hba_file_rules	pg_catalog	v	9	0	0	12116	0	0	p	1	0	0	0
12118	pg_ident_file_mappings	pg_catalog	v	5	0	0	12120	0	0	p	1	0	0	0
12122	pg_timezone_abbrevs	pg_catalog	v	3	0	0	12124	0	0	p	1	0	0	0
12126	pg_timezone_names	pg_catalog	v	4	0	0	12128	0	0	p	1	0	0	0
12130	pg_config	pg_catalog	v	2	0	0	12132	0	0	p	1	0	0	0
12134	pg_shmem_allocations	pg_catalog	v	4	0	0	12136	0	0	p	1	0	0	0
12138	pg_backend_memory_contexts	pg_catalog	v	9	0	0	12140	0	0	p	1	0	0	0
12142	pg_stat_all_tables	pg_catalog	v	23	0	0	12144	0	0	p	1	0	0	0
12147	pg_stat_xact_all_tables	pg_catalog	v	11	0	0	12149	0	0	p	1	0	0	0
12152	pg_stat_sys_tables	pg_catalog	v	23	0	0	12154	0	0	p	1	0	0	0
12157	pg_stat_xact_sys_tables	pg_catalog	v	11	0	0	12159	0	0	p	1	0	0	0
12161	pg_stat_user_tables	pg_catalog	v	23	0	0	12163	0	0	p	1	0	0	0
12166	pg_stat_xact_user_tables	pg_catalog	v	11	0	0	12168	0	0	p	1	0	0	0
12170	pg_statio_all_tables	pg_catalog	v	11	0	0	12172	0	0	p	1	0	0	0
12175	pg_statio_sys_tables	pg_catalog	v	11	0	0	12177	0	0	p	1	0	0	0
12179	pg_statio_user_tables	pg_catalog	v	11	0	0	12181	0	0	p	1	0	0	0
12183	pg_stat_all_indexes	pg_catalog	v	8	0	0	12185	0	0	p	1	0	0	0
12188	pg_stat_sys_indexes	pg_catalog	v	8	0	0	12190	0	0	p	1	0	0	0
12192	pg_stat_user_indexes	pg_catalog	v	8	0	0	12194	0	0	p	1	0	0	0
12196	pg_statio_all_indexes	pg_catalog	v	7	0	0	12198	0	0	p	1	0	0	0
12201	pg_statio_sys_indexes	pg_catalog	v	7	0	0	12203	0	0	p	1	0	0	0
12205	pg_statio_user_indexes	pg_catalog	v	7	0	0	12207	0	0	p	1	0	0	0
12209	pg_statio_all_sequences	pg_catalog	v	5	0	0	12211	0	0	p	1	0	0	0
12214	pg_statio_sys_sequences	pg_catalog	v	5	0	0	12216	0	0	p	1	0	0	0
12218	pg_statio_user_sequences	pg_catalog	v	5	0	0	12220	0	0	p	1	0	0	0
12222	pg_stat_activity	pg_catalog	v	22	0	0	12224	0	0	p	1	0	0	0
12227	pg_stat_replication	pg_catalog	v	20	0	0	12229	0	0	p	1	0	0	0
12232	pg_stat_slru	pg_catalog	v	9	0	0	12234	0	0	p	1	0	0	0
12236	pg_stat_wal_receiver	pg_catalog	v	15	0	0	12238	0	0	p	1	0	0	0
12240	pg_stat_recovery_prefetch	pg_catalog	v	10	0	0	12242	0	0	p	1	0	0	0
12244	pg_stat_subscription	pg_catalog	v	9	0	0	12246	0	0	p	1	0	0	0
12249	pg_stat_ssl	pg_catalog	v	8	0	0	12251	0	0	p	1	0	0	0
12253	pg_stat_gssapi	pg_catalog	v	4	0	0	12255	0	0	p	1	0	0	0
12257	pg_replication_slots	pg_catalog	v	15	0	0	12259	0	0	p	1	0	0	0
12262	pg_stat_replication_slots	pg_catalog	v	10	0	0	12264	0	0	p	1	0	0	0
12266	pg_stat_database	pg_catalog	v	28	0	0	12268	0	0	p	1	0	0	0
12271	pg_stat_database_conflicts	pg_catalog	v	7	0	0	12273	0	0	p	1	0	0	0
12275	pg_stat_user_functions	pg_catalog	v	6	0	0	12277	0	0	p	1	0	0	0
12280	pg_stat_xact_user_functions	pg_catalog	v	6	0	0	12282	0	0	p	1	0	0	0
12285	pg_stat_archiver	pg_catalog	v	7	0	0	12287	0	0	p	1	0	0	0
12289	pg_stat_bgwriter	pg_catalog	v	11	0	0	12291	0	0	p	1	0	0	0
12293	pg_stat_wal	pg_catalog	v	9	0	0	12295	0	0	p	1	0	0	0
12297	pg_stat_progress_analyze	pg_catalog	v	12	0	0	12299	0	0	p	1	0	0	0
12302	pg_stat_progress_vacuum	pg_catalog	v	11	0	0	12304	0	0	p	1	0	0	0
12307	pg_stat_progress_cluster	pg_catalog	v	12	0	0	12309	0	0	p	1	0	0	0
12312	pg_stat_progress_create_index	pg_catalog	v	16	0	0	12314	0	0	p	1	0	0	0
12317	pg_stat_progress_basebackup	pg_catalog	v	6	0	0	12319	0	0	p	1	0	0	0
12322	pg_stat_progress_copy	pg_catalog	v	10	0	0	12324	0	0	p	1	0	0	0
12327	pg_user_mappings	pg_catalog	v	6	0	0	12329	0	0	p	1	0	0	0
12332	pg_replication_origin_status	pg_catalog	v	4	0	0	12334	0	0	p	1	0	0	0
12336	pg_stat_subscription_stats	pg_catalog	v	5	0	0	12338	0	0	p	1	0	0	0
13699	information_schema_catalog_name	information_schema	v	1	0	0	13701	0	0	p	1	0	0	0
13708	applicable_roles	information_schema	v	3	0	0	13710	0	0	p	1	0	0	0
13713	administrable_role_authorizations	information_schema	v	3	0	0	13715	0	0	p	1	0	0	0
13717	attributes	information_schema	v	31	0	0	13719	0	0	p	1	0	0	0
13722	character_sets	information_schema	v	8	0	0	13724	0	0	p	1	0	0	0
13727	check_constraint_routine_usage	information_schema	v	6	0	0	13729	0	0	p	1	0	0	0
13732	check_constraints	information_schema	v	4	0	0	13734	0	0	p	1	0	0	0
13737	collations	information_schema	v	4	0	0	13739	0	0	p	1	0	0	0
13742	collation_character_set_applicability	information_schema	v	6	0	0	13744	0	0	p	1	0	0	0
13747	column_column_usage	information_schema	v	5	0	0	13749	0	0	p	1	0	0	0
13752	column_domain_usage	information_schema	v	7	0	0	13754	0	0	p	1	0	0	0
13757	column_privileges	information_schema	v	8	0	0	13759	0	0	p	1	0	0	0
13762	column_udt_usage	information_schema	v	7	0	0	13764	0	0	p	1	0	0	0
13767	columns	information_schema	v	44	0	0	13769	0	0	p	1	0	0	0
13772	constraint_column_usage	information_schema	v	7	0	0	13774	0	0	p	1	0	0	0
13777	constraint_table_usage	information_schema	v	6	0	0	13779	0	0	p	1	0	0	0
13782	domain_constraints	information_schema	v	8	0	0	13784	0	0	p	1	0	0	0
13787	domain_udt_usage	information_schema	v	6	0	0	13789	0	0	p	1	0	0	0
13792	domains	information_schema	v	27	0	0	13794	0	0	p	1	0	0	0
13797	enabled_roles	information_schema	v	1	0	0	13799	0	0	p	1	0	0	0
13801	key_column_usage	information_schema	v	9	0	0	13803	0	0	p	1	0	0	0
13806	parameters	information_schema	v	32	0	0	13808	0	0	p	1	0	0	0
13811	referential_constraints	information_schema	v	9	0	0	13813	0	0	p	1	0	0	0
13816	role_column_grants	information_schema	v	8	0	0	13818	0	0	p	1	0	0	0
13820	routine_column_usage	information_schema	v	10	0	0	13822	0	0	p	1	0	0	0
13825	routine_privileges	information_schema	v	10	0	0	13827	0	0	p	1	0	0	0
13830	role_routine_grants	information_schema	v	10	0	0	13832	0	0	p	1	0	0	0
13834	routine_routine_usage	information_schema	v	6	0	0	13836	0	0	p	1	0	0	0
13839	routine_sequence_usage	information_schema	v	9	0	0	13841	0	0	p	1	0	0	0
13844	routine_table_usage	information_schema	v	9	0	0	13846	0	0	p	1	0	0	0
13849	routines	information_schema	v	82	0	0	13851	0	0	p	1	0	0	0
13854	schemata	information_schema	v	7	0	0	13856	0	0	p	1	0	0	0
13858	sequences	information_schema	v	12	0	0	13860	0	0	p	1	0	0	0
13863	sql_features	information_schema	r	7	0	0	13865	2	13866	p	0	0	13863	0
13866	pg_toast_13863	pg_toast	t	3	1	0	0	2	0	p	0	0	13866	0
13867	pg_toast_13863_index	pg_toast	i	2	0	0	0	403	0	p	0	0	13867	0
13868	sql_implementation_info	information_schema	r	5	0	0	13870	2	13871	p	0	0	13868	0
13871	pg_toast_13868	pg_toast	t	3	1	0	0	2	0	p	0	0	13871	0
13872	pg_toast_13868_index	pg_toast	i	2	0	0	0	403	0	p	0	0	13872	0
13873	sql_parts	information_schema	r	5	0	0	13875	2	13876	p	0	0	13873	0
13876	pg_toast_13873	pg_toast	t	3	1	0	0	2	0	p	0	0	13876	0
13877	pg_toast_13873_index	pg_toast	i	2	0	0	0	403	0	p	0	0	13877	0
13878	sql_sizing	information_schema	r	4	0	0	13880	2	13881	p	0	0	13878	0
13881	pg_toast_13878	pg_toast	t	3	1	0	0	2	0	p	0	0	13881	0
13882	pg_toast_13878_index	pg_toast	i	2	0	0	0	403	0	p	0	0	13882	0
13883	table_constraints	information_schema	v	11	0	0	13885	0	0	p	1	0	0	0
13888	table_privileges	information_schema	v	8	0	0	13890	0	0	p	1	0	0	0
13893	role_table_grants	information_schema	v	8	0	0	13895	0	0	p	1	0	0	0
13897	tables	information_schema	v	12	0	0	13899	0	0	p	1	0	0	0
13902	transforms	information_schema	v	8	0	0	13904	0	0	p	1	0	0	0
13907	triggered_update_columns	information_schema	v	7	0	0	13909	0	0	p	1	0	0	0
13912	triggers	information_schema	v	17	0	0	13914	0	0	p	1	0	0	0
13917	udt_privileges	information_schema	v	7	0	0	13919	0	0	p	1	0	0	0
13922	role_udt_grants	information_schema	v	7	0	0	13924	0	0	p	1	0	0	0
13926	usage_privileges	information_schema	v	8	0	0	13928	0	0	p	1	0	0	0
13931	role_usage_grants	information_schema	v	8	0	0	13933	0	0	p	1	0	0	0
13935	user_defined_types	information_schema	v	29	0	0	13937	0	0	p	1	0	0	0
13940	view_column_usage	information_schema	v	7	0	0	13942	0	0	p	1	0	0	0
13945	view_routine_usage	information_schema	v	6	0	0	13947	0	0	p	1	0	0	0
13950	view_table_usage	information_schema	v	6	0	0	13952	0	0	p	1	0	0	0
13955	views	information_schema	v	10	0	0	13957	0	0	p	1	0	0	0
13960	data_type_privileges	information_schema	v	5	0	0	13962	0	0	p	1	0	0	0
13965	element_types	information_schema	v	29	0	0	13967	0	0	p	1	0	0	0
13970	_pg_foreign_table_columns	information_schema	v	4	0	0	13972	0	0	p	1	0	0	0
13975	column_options	information_schema	v	6	0	0	13977	0	0	p	1	0	0	0
13979	_pg_foreign_data_wrappers	information_schema	v	7	0	0	13981	0	0	p	1	0	0	0
13983	foreign_data_wrapper_options	information_schema	v	4	0	0	13985	0	0	p	1	0	0	0
13987	foreign_data_wrappers	information_schema	v	5	0	0	13989	0	0	p	1	0	0	0
13991	_pg_foreign_servers	information_schema	v	9	0	0	13993	0	0	p	1	0	0	0
13996	foreign_server_options	information_schema	v	4	0	0	13998	0	0	p	1	0	0	0
14000	foreign_servers	information_schema	v	7	0	0	14002	0	0	p	1	0	0	0
14004	_pg_foreign_tables	information_schema	v	7	0	0	14006	0	0	p	1	0	0	0
14009	foreign_table_options	information_schema	v	5	0	0	14011	0	0	p	1	0	0	0
14013	foreign_tables	information_schema	v	5	0	0	14015	0	0	p	1	0	0	0
14017	_pg_user_mappings	information_schema	v	7	0	0	14019	0	0	p	1	0	0	0
14022	user_mapping_options	information_schema	v	5	0	0	14024	0	0	p	1	0	0	0
14027	user_mappings	information_schema	v	3	0	0	14029	0	0	p	1	0	0	0
21165	pg_toast_21162	pg_toast	t	3	1	0	0	2	0	p	0	0	21165	0
21166	pg_toast_21162_index	pg_toast	i	2	0	0	0	403	0	p	0	0	21166	0
22701	pg_toast_22698	pg_toast	t	3	1	0	0	2	0	p	0	0	22701	0
22702	pg_toast_22698_index	pg_toast	i	2	0	0	0	403	0	p	0	0	22702	0
22706	pg_toast_22703	pg_toast	t	3	1	0	0	2	0	p	0	0	22706	0
22707	pg_toast_22703_index	pg_toast	i	2	0	0	0	403	0	p	0	0	22707	0
22725	pg_toast_22721	pg_toast	t	3	1	0	0	2	0	p	0	0	22725	0
22726	pg_toast_22721_index	pg_toast	i	2	0	0	0	403	0	p	0	0	22726	0
38544	pg_toast_38541	pg_toast	t	3	1	0	0	2	0	p	0	0	38544	0
38545	pg_toast_38541_index	pg_toast	i	2	0	0	0	403	0	p	0	0	38545	0
38556	pg_toast_38553	pg_toast	t	3	1	0	0	2	0	p	0	0	38562	0
38557	pg_toast_38553_index	pg_toast	i	2	0	0	0	403	0	p	0	0	38563	0
38584	pg_toast_38581	pg_toast	t	3	1	0	0	2	0	p	0	0	38584	0
38585	pg_toast_38581_index	pg_toast	i	2	0	0	0	403	0	p	0	0	38585	0
38589	pg_toast_38586	pg_toast	t	3	1	0	0	2	0	p	0	0	38589	0
38590	pg_toast_38586_index	pg_toast	i	2	0	0	0	403	0	p	0	0	38590	0
38594	pg_toast_38591	pg_toast	t	3	1	0	0	2	0	p	0	0	38594	0
38595	pg_toast_38591_index	pg_toast	i	2	0	0	0	403	0	p	0	0	38595	0
38599	pg_toast_38596	pg_toast	t	3	1	0	0	2	0	p	0	0	38599	0
38600	pg_toast_38596_index	pg_toast	i	2	0	0	0	403	0	p	0	0	38600	0
38607	pg_toast_38604	pg_toast	t	3	1	0	0	2	0	p	0	0	38607	0
38608	pg_toast_38604_index	pg_toast	i	2	0	0	0	403	0	p	0	0	38608	0
38612	pg_toast_38609	pg_toast	t	3	1	0	0	2	0	p	0	0	38612	0
38613	pg_toast_38609_index	pg_toast	i	2	0	0	0	403	0	p	0	0	38613	0
38617	pg_toast_38614	pg_toast	t	3	1	0	0	2	0	p	0	0	38617	0
38618	pg_toast_38614_index	pg_toast	i	2	0	0	0	403	0	p	0	0	38618	0
38625	pg_toast_38622	pg_toast	t	3	1	0	0	2	0	p	0	0	38625	0
38626	pg_toast_38622_index	pg_toast	i	2	0	0	0	403	0	p	0	0	38626	0
38630	pg_toast_38627	pg_toast	t	3	1	0	0	2	0	p	0	0	38630	0
38631	pg_toast_38627_index	pg_toast	i	2	0	0	0	403	0	p	0	0	38631	0
38635	pg_toast_38632	pg_toast	t	3	1	0	0	2	0	p	0	0	38635	0
38636	pg_toast_38632_index	pg_toast	i	2	0	0	0	403	0	p	0	0	38636	0
38674	pg_toast_38670	pg_toast	t	3	1	0	0	2	0	p	0	0	38674	0
38675	pg_toast_38670_index	pg_toast	i	2	0	0	0	403	0	p	0	0	38675	0
38689	pg_toast_38685	pg_toast	t	3	1	0	0	2	0	p	0	0	38689	0
38690	pg_toast_38685_index	pg_toast	i	2	0	0	0	403	0	p	0	0	38690	0
38696	pg_toast_38693	pg_toast	t	3	1	0	0	2	0	p	0	0	38696	0
38697	pg_toast_38693_index	pg_toast	i	2	0	0	0	403	0	p	0	0	38697	0
38701	pg_toast_38698	pg_toast	t	3	1	0	0	2	0	p	0	0	38701	0
38702	pg_toast_38698_index	pg_toast	i	2	0	0	0	403	0	p	0	0	38702	0
38706	pg_toast_38703	pg_toast	t	3	1	0	0	2	0	p	0	0	38706	0
38707	pg_toast_38703_index	pg_toast	i	2	0	0	0	403	0	p	0	0	38707	0
